state,district,cluster_label,total_updates_sum,youth_ratio_district,activity_volatility,priority_score
100000,100000,Stable Low-Activity,2,0.0,0.0,0.40000067076279144
Andaman & Nicobar Islands,Andamans,Stable Low-Activity,750,0.009333333333333334,0.757483402894637,0.420498428004479
Andaman & Nicobar Islands,Nicobars,Stable Low-Activity,4,0.0,0.0,0.40000201228837434
Andaman & Nicobar Islands,South Andaman,Stable Low-Activity,305,0.019672131147540985,0.6458181607247374,0.412566329945011
Andaman And Nicobar Islands,Nicobar,High Stress Urban,787,0.07369758576874205,3.9417735406089927,0.4945304464470447
Andaman And Nicobar Islands,North And Middle Andaman,High Stress Urban,2009,0.05574912891986063,3.8972599464847013,0.5011350429096197
Andaman And Nicobar Islands,South Andaman,High Stress Urban,3391,0.1279858448835152,2.4117502113785836,0.42663141979762964
Andhra Pradesh,Adilabad,High Stress Urban,29291,0.08862790618278653,2.3233891373434585,0.45697930183645036
Andhra Pradesh,Alluri Sitharama Raju,High Stress Urban,12871,0.12190195012042576,4.7654434915688,0.5091569560925716
Andhra Pradesh,Anakapalli,High Stress Urban,13460,0.13164933135215454,3.527522747189808,0.46687326686263164
Andhra Pradesh,Anantapur,High Stress Urban,68745,0.1302785657138701,4.05510127663969,0.521031921978947
Andhra Pradesh,Ananthapur,Youth-Heavy,30026,0.3028042363285153,3.42357858523242,0.40626694677558506
Andhra Pradesh,Ananthapuramu,High Stress Urban,55944,0.21113971113971114,6.430975726143936,0.5545290364879003
Andhra Pradesh,Annamayya,High Stress Urban,33634,0.1721175001486591,7.553650454793393,0.590342756168451
Andhra Pradesh,Bapatla,High Stress Urban,13514,0.1485866508805683,5.3185399095411245,0.5162409922268847
Andhra Pradesh,Chittoor,High Stress Urban,169636,0.1689323021056851,4.641989010417315,0.5916295383385546
Andhra Pradesh,Cuddapah,High Stress Urban,83667,0.13235803841418958,3.6534416975838178,0.5176266366764383
Andhra Pradesh,Dr. B. R. Ambedkar Konaseema,High Stress Urban,14156,0.12376377507770557,3.9926153985670707,0.4850640997168191
Andhra Pradesh,East Godavari,High Stress Urban,156025,0.12235218714949528,5.03479297287822,0.6134370344328712
Andhra Pradesh,Eluru,High Stress Urban,17584,0.13341674249317562,4.252376356744095,0.4916397085237797
Andhra Pradesh,Guntur,High Stress Urban,177221,0.12428549663978875,4.554818824321999,0.6118452529974814
Andhra Pradesh,Hyderabad,High Stress Urban,36206,0.12102966359166989,2.3391251723763116,0.4491498796444242
Andhra Pradesh,K.V. Rangareddy,Youth-Heavy,166,0.1927710843373494,0.23092172313364848,0.33023622861398616
Andhra Pradesh,K.V.Rangareddy,Stable Low-Activity,518,0.09266409266409266,0.5155082580619749,0.3794302549814821
Andhra Pradesh,Kakinada,High Stress Urban,28269,0.12809084155789027,4.891761501661601,0.5209669154930732
Andhra Pradesh,Karim Nagar,Stable Low-Activity,1151,0.07124239791485665,0.9881788124567482,0.40323067491069137
Andhra Pradesh,Karimnagar,Stable Low-Activity,10331,0.09360178104733327,1.9975546223361504,0.43206481026169496
Andhra Pradesh,Khammam,High Stress Urban,32368,0.14359861591695502,2.3778970139396725,0.4387625000913701
Andhra Pradesh,Krishna,High Stress Urban,111849,0.12033187601140824,4.273263509081221,0.5607574325791755
Andhra Pradesh,Kurnool,High Stress Urban,177645,0.16537476427706943,4.605174092383366,0.5972714074061627
Andhra Pradesh,Mahabub Nagar,Stable Low-Activity,12813,0.03465230625146336,1.1319149421884376,0.43019190777954674
Andhra Pradesh,Mahabubnagar,Youth-Heavy,81,0.16049382716049382,0.1541848083939453,0.3406862119959107
Andhra Pradesh,Mahbubnagar,High Stress Urban,9897,0.12670506214004243,2.7186030967846295,0.44112036529161747
Andhra Pradesh,Medak,High Stress Urban,12963,0.1319910514541387,2.3854650819852754,0.43062645555346973
Andhra Pradesh,N. T. R,High Stress Urban,38070,0.12392960336222747,4.486009006800612,0.5164947212633997
Andhra Pradesh,Nalgonda,Stable Low-Activity,29844,0.05438279051065541,2.050303803641677,0.46249345196669206
Andhra Pradesh,Nandyal,High Stress Urban,27385,0.17520540441847726,5.882184240526642,0.5325546874347427
Andhra Pradesh,Nellore,High Stress Urban,68123,0.10438471588156717,3.679517371642067,0.5192064903967896
Andhra Pradesh,Nizamabad,High Stress Urban,5541,0.13138422667388558,2.601296445503712,0.43265204124598117
Andhra Pradesh,Palnadu,High Stress Urban,25495,0.15512845656010982,6.060031312473747,0.5448890643933919
Andhra Pradesh,Parvathipuram Manyam,Youth-Heavy,9391,0.16089873282930464,3.415259384772993,0.4489273459235043
Andhra Pradesh,Prakasam,High Stress Urban,120498,0.1287905193447194,3.7321255152750856,0.546223403127258
Andhra Pradesh,Rangareddi,Youth-Heavy,22265,0.1602964293734561,2.6957485380967103,0.4352638575748903
Andhra Pradesh,Sri Potti Sriramulu Nellore,High Stress Urban,22065,0.1380013596193066,6.2326385027857185,0.5548463787454775
Andhra Pradesh,Sri Sathya Sai,High Stress Urban,22107,0.17881214095083006,5.3657050964100215,0.5113921845905998
Andhra Pradesh,Srikakulam,High Stress Urban,135699,0.17918333959719673,4.24400006627096,0.5522978163090497
Andhra Pradesh,Tirupati,High Stress Urban,33230,0.14348480288895576,8.59373776254101,0.6341072190990943
Andhra Pradesh,Visakhapatnam,High Stress Urban,157193,0.12636695018226002,4.03553761659935,0.5813113331220593
Andhra Pradesh,Vizianagaram,High Stress Urban,78887,0.14031462725163843,4.149999677843577,0.5267932153990803
Andhra Pradesh,Warangal,High Stress Urban,34766,0.10369326353333717,2.7213637368543906,0.4670927659906964
Andhra Pradesh,West Godavari,High Stress Urban,126806,0.11243947447281674,4.218657375441614,0.572236369170412
Andhra Pradesh,Y. S. R,High Stress Urban,28186,0.1476264812318172,6.108569397304435,0.5512154091112466
Arunachal Pradesh,Anjaw,Youth-Heavy,760,0.16842105263157894,1.9861518803347094,0.39536002210795773
Arunachal Pradesh,Changlang,High Stress Urban,5659,0.12192966955292454,2.398922913876529,0.430173344654205
Arunachal Pradesh,Dibang Valley,Youth-Heavy,160,0.175,0.6980986833281932,0.35197569146850627
Arunachal Pradesh,East Kameng,Youth-Heavy,1422,0.20534458509142053,1.4395902560987435,0.36391275082918806
Arunachal Pradesh,East Siang,Youth-Heavy,2503,0.16899720335597282,1.1725990900343157,0.37081287953316594
Arunachal Pradesh,Kamle,Youth-Heavy,318,0.20125786163522014,1.7628110835404045,0.3749323193156285
Arunachal Pradesh,Kra Daadi,Youth-Heavy,514,0.2821011673151751,2.4475449455426954,0.3641768326688364
Arunachal Pradesh,Kurung Kumey,Youth-Heavy,335,0.3164179104477612,0.8661800971046791,0.30079132565399264
Arunachal Pradesh,Leparada,Youth-Heavy,23,0.34782608695652173,0.2746367249206144,0.2694877497331747
Arunachal Pradesh,Lohit,Stable Low-Activity,1866,0.11361200428724544,1.8893610467330941,0.41499337986476154
Arunachal Pradesh,Longding,Youth-Heavy,1485,0.1771043771043771,3.466001118091122,0.43873160225685215
Arunachal Pradesh,Lower Dibang Valley,Youth-Heavy,1157,0.16076058772687987,2.2039170766982625,0.40551233847463164
Arunachal Pradesh,Lower Siang,Youth-Heavy,339,0.20648967551622419,1.9977680185356887,0.3802140756338793
Arunachal Pradesh,Lower Subansiri,High Stress Urban,1521,0.1301775147928994,2.6121751382391327,0.43077905175166287
Arunachal Pradesh,Namsai,High Stress Urban,2135,0.10351288056206089,2.7701539851850305,0.44680568986485897
Arunachal Pradesh,Pakke Kessang,Youth-Heavy,87,0.16091954022988506,0.5985283134392156,0.35443971111482947
Arunachal Pradesh,Papum Pare,Youth-Heavy,4922,0.15644047135310848,2.8333925080849527,0.4294851157265354
Arunachal Pradesh,Shi-Yomi,Youth-Heavy,238,0.18067226890756302,0.6097395908842413,0.3469911157397434
Arunachal Pradesh,Siang,Youth-Heavy,777,0.22522522522522523,3.0021959928586917,0.40447893729388584
Arunachal Pradesh,Tawang,Youth-Heavy,951,0.21976866456361724,1.6672954164390672,0.3649604123609421
Arunachal Pradesh,Tirap,High Stress Urban,990,0.09696969696969697,4.318555253629422,0.497161047093999
Arunachal Pradesh,Upper Siang,Youth-Heavy,1321,0.1506434519303558,1.3092764401767694,0.3816431716311866
Arunachal Pradesh,Upper Subansiri,Youth-Heavy,1549,0.22401549386701097,2.8014871627743867,0.39919313865897893
Arunachal Pradesh,West Kameng,Youth-Heavy,1859,0.20172135556750942,1.378630662821638,0.36374551075814887
Arunachal Pradesh,West Siang,High Stress Urban,3552,0.14667792792792791,3.0693599239373253,0.43986323882788
Assam,Bajali,Stable Low-Activity,844,0.06753554502369669,0.7181492127228591,0.39604838960470456
Assam,Baksa,High Stress Urban,17012,0.07912062073830238,3.3323893367153894,0.4841544392861661
Assam,Barpeta,High Stress Urban,59142,0.08417030198505292,3.0626774872852165,0.5019446549340859
Assam,Biswanath,High Stress Urban,11025,0.07655328798185941,3.449976910805109,0.4848491314181192
Assam,Bongaigaon,High Stress Urban,39124,0.08480727941928229,4.675925127723437,0.5388000562718566
Assam,Cachar,High Stress Urban,58019,0.08752305279305055,2.5448624997453795,0.4836289183800616
Assam,Charaideo,Stable Low-Activity,9913,0.0769696358317361,2.522278076387421,0.45487507770574526
Assam,Chirang,Stable Low-Activity,13397,0.08770620288124206,2.181736017417743,0.44224937238136247
Assam,Darrang,High Stress Urban,28319,0.11253928457925774,2.703392746488358,0.45866698029317543
Assam,Dhemaji,High Stress Urban,22349,0.08622309723030114,3.5850753209218156,0.4928090959345113
Assam,Dhubri,High Stress Urban,80799,0.08892436787584004,2.4961513547296805,0.49682241543861794
Assam,Dibrugarh,High Stress Urban,26519,0.07066631471774953,2.942532827660765,0.4817002347042093
Assam,Dima Hasao,Stable Low-Activity,280,0.05714285714285714,0.624262460496228,0.39688600423499854
Assam,Goalpara,High Stress Urban,40567,0.10661375009243967,3.3706273911137177,0.49015487234444427
Assam,Golaghat,High Stress Urban,27924,0.0715513536742587,3.6062931811456225,0.5030819787913754
Assam,Hailakandi,Stable Low-Activity,21302,0.10576471692798799,1.8616726308322886,0.4303018572085159
Assam,Hojai,High Stress Urban,25308,0.09368579105421211,3.3802652695530373,0.485392808238872
Assam,Jorhat,High Stress Urban,19788,0.06397816858702243,3.6695294811901515,0.5026349033989516
Assam,Kamrup,High Stress Urban,44584,0.07325497936479454,3.687977706784583,0.5161343329720274
Assam,Kamrup Metro,High Stress Urban,26191,0.08812187392615783,2.494012453181443,0.4604473940451804
Assam,Karbi Anglong,High Stress Urban,31121,0.07833938498120241,3.105090166051953,0.4868102214838471
Assam,Karimganj,Stable Low-Activity,41414,0.09984546288694644,1.6116864715137524,0.4383287301239178
Assam,Kokrajhar,High Stress Urban,22669,0.0850500683753143,2.6611156336009114,0.4645484598903122
Assam,Lakhimpur,High Stress Urban,35412,0.08451937196430588,3.382230771722118,0.4958983355690998
Assam,Majuli,High Stress Urban,3281,0.08838768668088998,2.8399295023427906,0.45581028949015806
Assam,Marigaon,High Stress Urban,43810,0.10269344898425017,2.3447571547639727,0.4617612764675695
Assam,Nagaon,High Stress Urban,97377,0.07311788204606837,3.0592258039236655,0.5319041088257802
Assam,Nalbari,High Stress Urban,20961,0.0993750298172797,4.061451918497936,0.5015405509643371
Assam,North Cachar Hills,Stable Low-Activity,3599,0.08335648791330925,2.4595496952232807,0.44612007532251463
Assam,Sibsagar,Stable Low-Activity,13070,0.07888293802601377,2.515490188737421,0.4560147136946721
Assam,Sonitpur,High Stress Urban,43576,0.0725628786487975,3.2042123611607747,0.5005803333817278
Assam,South Salmara Mankachar,High Stress Urban,21047,0.05644509906399962,3.9023906445779257,0.5137873640699077
Assam,Sribhumi,Stable Low-Activity,5087,0.03774326715156281,0.8614792875455458,0.41530138749808926
Assam,Tamulpur District,Stable Low-Activity,1268,0.04258675078864353,0.6996778432372622,0.405733665995997
Assam,Tinsukia,High Stress Urban,35249,0.05673919827512837,2.7652010556167372,0.48757164354008503
Assam,Udalguri,High Stress Urban,19780,0.06976744186046512,3.1118212437105988,0.48284273951789847
Assam,West Karbi Anglong,High Stress Urban,1451,0.10475534114403859,3.085794763574714,0.4557378481395596
Balanagar,Idpl Colony,Stable Low-Activity,2,0.0,0.0,0.40000067076279144
Bihar,Araria,High Stress Urban,155315,0.05795319190033158,2.863290810509445,0.5706946673902533
Bihar,Arwal,High Stress Urban,27770,0.08037450486136118,2.7324510307891714,0.47207493990637417
Bihar,Aurangabad,High Stress Urban,105840,0.09963151927437641,2.5663425990849134,0.5115349771625348
Bihar,Aurangabad(Bh),Stable Low-Activity,694,0.037463976945244955,0.731322454885698,0.4083890749651061
Bihar,Banka,High Stress Urban,98120,0.07576437015898899,3.37037495128041,0.5410911271787783
Bihar,Begusarai,High Stress Urban,132990,0.09978193849161592,3.1307093288882606,0.5473656954864283
Bihar,Bhabua,Stable Low-Activity,132,0.03787878787878788,0.48009994810900825,0.39997624140995697
Bihar,Bhagalpur,High Stress Urban,155026,0.0992414175686659,3.273701321674513,0.5668422819963542
Bihar,Bhojpur,High Stress Urban,142341,0.07522077265159019,2.264265287308235,0.5363197411483152
Bihar,Buxar,High Stress Urban,73902,0.0954236691835133,2.4183788924949052,0.48716009913598185
Bihar,Darbhanga,High Stress Urban,153928,0.08000493737331739,2.614996929896677,0.5531654245411384
Bihar,East Champaran,High Stress Urban,248028,0.07348767074685116,2.247974658319383,0.6073935594524353
Bihar,Gaya,High Stress Urban,195174,0.10219086558660477,2.9819899996835733,0.5834539709741688
Bihar,Gopalganj,High Stress Urban,105867,0.07580265805208422,2.472697155243875,0.518151041304195
Bihar,Jamui,High Stress Urban,66920,0.08103705917513448,2.482446748674314,0.4902385037782842
Bihar,Jehanabad,High Stress Urban,46361,0.09475636849938526,2.4359361824106283,0.4695035511152616
Bihar,Kaimur (Bhabua),High Stress Urban,67018,0.08151541376943508,2.020886060134588,0.4756537815483775
Bihar,Katihar,High Stress Urban,180294,0.06570934140903191,2.9315489521589306,0.5864854850917357
Bihar,Khagaria,High Stress Urban,75624,0.09745583412673225,2.3927486323200933,0.48669937843907735
Bihar,Kishanganj,High Stress Urban,145141,0.04390213654308569,2.4005460852886866,0.5549945419343134
Bihar,Lakhisarai,High Stress Urban,48883,0.08348505615449134,2.305261120610075,0.47161013779694516
Bihar,Madhepura,High Stress Urban,91861,0.07179325284941379,2.652908400107766,0.5160055006576403
Bihar,Madhubani,High Stress Urban,181691,0.07478080917601862,2.619170018008275,0.5740081917532515
Bihar,Monghyr,Stable Low-Activity,282,0.0070921985815602835,0.7072897196754176,0.419508568778314
Bihar,Munger,High Stress Urban,55947,0.07380199117021467,2.614985573116939,0.4899242381846636
Bihar,Muzaffarpur,High Stress Urban,206917,0.07703088678068984,2.7690455378162486,0.5947239094766736
Bihar,Nalanda,High Stress Urban,153043,0.07718092300856622,2.2881214945650883,0.5434615176457476
Bihar,Nawada,High Stress Urban,86518,0.07969439885341778,2.383670553001769,0.5008268572732897
Bihar,Pashchim Champaran,Stable Low-Activity,1120,0.020535714285714286,0.9631115567378371,0.4227072834701743
Bihar,Patna,High Stress Urban,243772,0.08586301954285151,2.713797522780517,0.6141812880095356
Bihar,Purba Champaran,Stable Low-Activity,934,0.020342612419700215,0.6858585477763921,0.41397437538693166
Bihar,Purnea,Stable Low-Activity,2806,0.036350677120456164,1.2845892157453556,0.42758299813312184
Bihar,Purnia,High Stress Urban,143374,0.06589060778104817,2.9880042307601165,0.5634169667553904
Bihar,Rohtas,High Stress Urban,117745,0.08885302985264767,2.1653824366987826,0.5112710956952352
Bihar,Saharsa,High Stress Urban,81177,0.07936977222612317,2.7463246338170193,0.5087348738175738
Bihar,Samastipur,High Stress Urban,202292,0.07635002867142547,2.7467833724296944,0.5911965774346644
Bihar,Samstipur,Stable Low-Activity,448,0.022321428571428572,0.4757683924055816,0.4062754533739617
Bihar,Saran,High Stress Urban,169845,0.08706762047749418,2.968784464935941,0.5720998341094756
Bihar,Sheikhpura,High Stress Urban,28088,0.08281116491028197,2.8267209392853294,0.47426673173544986
Bihar,Sheikpura,Stable Low-Activity,178,0.0056179775280898875,0.5446831297591368,0.4149345904690551
Bihar,Sheohar,High Stress Urban,31480,0.07884371029224904,3.346696432957693,0.4944179918428961
Bihar,Sitamarhi,High Stress Urban,169848,0.07444891903348877,3.1556742531278497,0.5830039437877735
Bihar,Siwan,High Stress Urban,123722,0.08567595092222886,2.9224756668656195,0.5402682137039985
Bihar,Supaul,High Stress Urban,106911,0.06032120174724771,2.7995876863473934,0.5352842606500796
Bihar,Vaishali,High Stress Urban,155594,0.08009306271450056,2.9000282761779426,0.5631767208266606
Bihar,West Champaran,High Stress Urban,233389,0.07417230460732939,2.0366739826733666,0.5906810831154325
Chandigarh,Chandigarh,High Stress Urban,83336,0.15757895747336084,4.304973084181036,0.5277264928783008
Chandigarh,Mohali,Stable Low-Activity,5,0.0,0.0,0.4000026830511658
Chandigarh,Rupnagar,Stable Low-Activity,20,0.05,0.22912878450720678,0.3871905643565025
Chhatisgarh,Raipur,Stable Low-Activity,4,0.0,0.0,0.40000201228837434
Chhattisgarh,Balod,High Stress Urban,59734,0.09549000569190076,3.0933455771789875,0.4987745912167421
Chhattisgarh,Baloda Bazar,High Stress Urban,116270,0.07123075599896792,3.882991843663544,0.5711374486100759
Chhattisgarh,Balrampur,High Stress Urban,60301,0.05873866105039718,5.4968572376624705,0.5891492378884171
Chhattisgarh,Bastar,High Stress Urban,79431,0.11806473543075122,2.835736234201162,0.49488669583338557
Chhattisgarh,Bemetara,High Stress Urban,58693,0.07154175114579252,3.4142123339379795,0.5177072852251533
Chhattisgarh,Bijapur,High Stress Urban,13047,0.0871464704529777,2.6106096452021252,0.45567363988809906
Chhattisgarh,Bilaspur,High Stress Urban,153341,0.08405449292752754,4.635231393420113,0.6144388893330898
Chhattisgarh,Dakshin Bastar Dantewada,Youth-Heavy,5896,0.23880597014925373,1.8931450712291105,0.3677375080935413
Chhattisgarh,Dantewada,Youth-Heavy,2398,0.29149291075896583,1.8787784427365357,0.34386634635206126
Chhattisgarh,Dhamtari,High Stress Urban,44713,0.06872721579853734,4.319071536107434,0.5378019744542178
Chhattisgarh,Durg,High Stress Urban,77149,0.13694279899933895,5.987501132303691,0.5845387865780598
Chhattisgarh,Gariyaband,High Stress Urban,27599,0.047356788289430775,3.2260604248199383,0.5006304173933311
Chhattisgarh,Gaurela-Pendra-Marwahi,High Stress Urban,3425,0.12817518248175183,2.038788469603125,0.414894877025123
Chhattisgarh,Janjgir - Champa,Stable Low-Activity,215,0.05116279069767442,0.6057088119192472,0.39865320898326617
Chhattisgarh,Janjgir Champa,Stable Low-Activity,236,0.0211864406779661,0.8429791647136478,0.4180907023160835
Chhattisgarh,Janjgir-Champa,High Stress Urban,112160,0.06412268188302425,3.7110139555250514,0.5658363651143989
Chhattisgarh,Jashpur,High Stress Urban,71023,0.12249552961716627,4.375494132587222,0.5357099446234853
Chhattisgarh,Kabeerdham,High Stress Urban,27101,0.11195158850226929,3.9753850350052655,0.4979322304200886
Chhattisgarh,Kanker,High Stress Urban,28840,0.09941054091539528,2.938909727519038,0.47164588534876534
Chhattisgarh,Kawardha,High Stress Urban,67000,0.06911940298507463,3.9567482926337885,0.5412440439506095
Chhattisgarh,Khairagarh Chhuikhadan Gandai,High Stress Urban,6103,0.10503031296083894,5.161072154314636,0.5237595790331125
Chhattisgarh,Kondagaon,High Stress Urban,61964,0.06766832354270222,9.576533914154211,0.7144951454293144
Chhattisgarh,Korba,High Stress Urban,83374,0.0731762899704944,4.973108431872175,0.5824434403938276
Chhattisgarh,Koriya,High Stress Urban,31735,0.07250669607688671,6.00563376069306,0.5804192394645175
Chhattisgarh,Mahasamund,High Stress Urban,134887,0.06370517544314871,6.190019708903045,0.6589065512647008
Chhattisgarh,Manendragarh–Chirmiri–Bharatpur,Stable Low-Activity,5113,0.07725405828280853,1.3183267410378456,0.41382597651659986
Chhattisgarh,Mohalla-Manpur-Ambagarh Chowki,Youth-Heavy,181,0.17679558011049723,3.488333330757405,0.4386800380909374
Chhattisgarh,Mohla-Manpur-Ambagarh Chouki,High Stress Urban,19811,0.17550855585280906,3.979176746507475,0.46773836406185193
Chhattisgarh,Mungeli,High Stress Urban,70564,0.05434782608695652,3.57654774857478,0.5376328927537778
Chhattisgarh,Narayanpur,High Stress Urban,16765,0.1226960930509991,4.126817770323665,0.49144529320366304
Chhattisgarh,Raigarh,High Stress Urban,83436,0.062251306390526874,2.767934459450965,0.5177744751033178
Chhattisgarh,Raipur,High Stress Urban,133007,0.09239363341779004,4.54920789716907,0.5947691210996222
Chhattisgarh,Rajnandgaon,High Stress Urban,148118,0.06955940533898648,4.93130889968147,0.6260086242701911
Chhattisgarh,Sakti,Stable Low-Activity,9685,0.09984512132163138,1.2925324175799662,0.4070482309964697
Chhattisgarh,Sarangarh-Bilaigarh,Stable Low-Activity,8055,0.07721911855990068,1.0518576929696388,0.4074657741385802
Chhattisgarh,Sukma,High Stress Urban,12746,0.11839008316334536,1.4581060139493764,0.40687030471246954
Chhattisgarh,Surajpur,High Stress Urban,42067,0.08068081869398816,1.9550683962041562,0.45718957523804243
Chhattisgarh,Surguja,High Stress Urban,115683,0.07891392858069034,3.2758954865761902,0.5486521927572118
Chhattisgarh,Uttar Bastar Kanker,Stable Low-Activity,13568,0.08203125,1.850037624617398,0.43424307966544834
Dadra & Nagar Haveli,Dadra & Nagar Haveli,Stable Low-Activity,235,0.13617021276595745,0.6325408401676028,0.3655042109349665
Dadra And Nagar Haveli,Dadra And Nagar Haveli,Youth-Heavy,6033,0.21713906845682082,3.1042552241002115,0.4144360953108087
Dadra And Nagar Haveli And Daman And Diu,Dadra And Nagar Haveli,Stable Low-Activity,1689,0.08584961515689757,1.267542153588893,0.4065001548233914
Dadra And Nagar Haveli And Daman And Diu,Daman,High Stress Urban,1687,0.06342620035566093,3.271273367800373,0.4782382137268202
Dadra And Nagar Haveli And Daman And Diu,Diu,Youth-Heavy,364,0.14835164835164835,3.0836582657134373,0.4375032769434877
Daman & Diu,Daman,Stable Low-Activity,377,0.0610079575596817,0.754744954254259,0.3994925975782732
Daman & Diu,Diu,Stable Low-Activity,267,0.06741573033707865,0.8195189903252268,0.39888485320583883
Daman And Diu,Daman,Youth-Heavy,1104,0.14855072463768115,2.7364733130695127,0.427043895723343
Daman And Diu,Diu,Youth-Heavy,448,0.15625,0.7306069065690448,0.36068724241909095
Darbhanga,Near University Thana,Stable Low-Activity,2,0.0,0.0,0.40000067076279144
Delhi,Central Delhi,High Stress Urban,49047,0.0903623055436622,5.151716304544497,0.5581389325940657
Delhi,East Delhi,High Stress Urban,187061,0.1334324097486916,3.847942090910314,0.5926427672000356
Delhi,Najafgarh,Stable Low-Activity,195,0.046153846153846156,0.5529371183972293,0.398990215173517
Delhi,New Delhi,High Stress Urban,4061,0.1346958877123861,3.9948949824164917,0.4739913158358418
Delhi,North Delhi,High Stress Urban,86900,0.10721518987341772,3.5182623529471595,0.5256176464308214
Delhi,North East,High Stress Urban,11827,0.030438826414137143,4.029817392666291,0.5219972836685703
Delhi,North East Delhi,High Stress Urban,141148,0.17987502479666734,4.068952302525143,0.5501924819247229
Delhi,North West Delhi,High Stress Urban,313989,0.12657768265767272,4.092284999990202,0.6881776638945528
Delhi,Shahdara,High Stress Urban,28544,0.16399243273542602,4.060061680842204,0.4807364326615739
Delhi,South Delhi,High Stress Urban,213489,0.09522270468267686,5.385335859133831,0.6738148481950391
Delhi,South East Delhi,Stable Low-Activity,1169,0.10607356715141146,0.5227253127568873,0.3747292173630105
Delhi,South West Delhi,High Stress Urban,169699,0.11750216559909016,5.2604594633020705,0.6316184115143193
Delhi,West Delhi,High Stress Urban,231805,0.1108819913289187,5.391973992103694,0.6800447747895384
Goa,Bardez,Stable Low-Activity,31,0.06451612903225806,0.2844893880295569,0.38312574918691417
Goa,Bicholim,Stable Low-Activity,4,0.0,0.0,0.40000201228837434
Goa,North Goa,High Stress Urban,18843,0.09090909090909091,3.339625039720384,0.4808938876758825
Goa,South Goa,High Stress Urban,16238,0.09607094469762285,3.10662583441749,0.4697827422011427
Goa,Tiswadi,Stable Low-Activity,4,0.0,0.0,0.40000201228837434
Gujarat,Ahmadabad,Stable Low-Activity,7760,0.041237113402061855,0.8951467157105499,0.4167514831251144
Gujarat,Ahmedabad,High Stress Urban,267884,0.11845425631989966,4.584056464397307,0.6759070311868625
Gujarat,Amreli,High Stress Urban,27888,0.0924411933448078,3.611288883194955,0.4948583936934677
Gujarat,Anand,High Stress Urban,39149,0.08998952719098828,4.115004738133022,0.5191722120422539
Gujarat,Arvalli,Youth-Heavy,8096,0.22356719367588934,2.7344958973320668,0.40166533588507947
Gujarat,Banas Kantha,Stable Low-Activity,473,0.06976744186046512,0.7100302433470512,0.39465243837799574
Gujarat,Banaskantha,High Stress Urban,75207,0.13001449333173773,3.9609426128838585,0.5225223517257721
Gujarat,Bharuch,High Stress Urban,49806,0.14004336826888328,5.885114997243711,0.5617504850092865
Gujarat,Bhavnagar,High Stress Urban,57862,0.11285472330717915,4.17236705102056,0.5243750824616288
Gujarat,Botad,Youth-Heavy,7545,0.19390324718356527,4.1304506517684665,0.4568918043435496
Gujarat,Chhotaudepur,Youth-Heavy,9631,0.19281486865330702,3.226429982044982,0.4304064963728933
Gujarat,Dahod,High Stress Urban,35936,0.13345948352626893,3.432599587906014,0.4782516531033182
Gujarat,Devbhumi Dwarka,High Stress Urban,6586,0.12678408745824477,3.1551302015360547,0.4525427582881983
Gujarat,Dohad,High Stress Urban,5212,0.06043745203376823,3.592080853595486,0.49184795139504317
Gujarat,Gandhinagar,High Stress Urban,64588,0.10729547284325262,7.310382530051235,0.6294136078482422
Gujarat,Gir Somnath,Youth-Heavy,12066,0.19252444886457815,3.239145386145834,0.43255430173528586
Gujarat,Jamnagar,High Stress Urban,45719,0.0911218530589033,4.914121100919586,0.548159771248084
Gujarat,Junagadh,High Stress Urban,38045,0.10185306873439348,3.6444647383038418,0.4989458670962384
Gujarat,Kachchh,High Stress Urban,66789,0.11591729176960278,6.315692780538546,0.5962810069625742
Gujarat,Kheda,High Stress Urban,52619,0.11385621163458066,4.452836184055799,0.529243814914907
Gujarat,Mahesana,High Stress Urban,50217,0.1300356452994006,5.205565113122871,0.5447412878539218
Gujarat,Mahisagar,High Stress Urban,7507,0.12228586652457706,2.9291230134320667,0.447879788250392
Gujarat,Morbi,High Stress Urban,19799,0.15374513864336584,5.11298892356656,0.5119541330571548
Gujarat,Narmada,High Stress Urban,14757,0.18492918614894627,4.718433307873568,0.4837384522993279
Gujarat,Navsari,High Stress Urban,29602,0.17177893385582055,4.917056071679227,0.505178197598778
Gujarat,Panch Mahals,Stable Low-Activity,417,0.03597122302158273,0.7758241810963303,0.4101944618683879
Gujarat,Panchmahals,High Stress Urban,32470,0.0985525100092393,3.027181676551161,0.47718922440309425
Gujarat,Patan,High Stress Urban,29559,0.10487499577116953,3.3505271974584825,0.48283694705723984
Gujarat,Porbandar,High Stress Urban,14623,0.12316214183136155,3.080720519956613,0.457051456684479
Gujarat,Rajkot,High Stress Urban,137600,0.0739389534883721,5.732960367893813,0.6423147161513583
Gujarat,Sabar Kantha,Stable Low-Activity,643,0.06376360808709176,0.6573205737473009,0.395516788187441
Gujarat,Sabarkantha,High Stress Urban,43877,0.12778904665314403,3.2926300408699802,0.4814615887819957
Gujarat,Surat,High Stress Urban,357582,0.09843336633275725,6.559660209018227,0.8059703652949184
Gujarat,Surendra Nagar,High Stress Urban,38759,0.09381046982636292,4.250875800561884,0.5216386124148374
Gujarat,Surendranagar,Stable Low-Activity,913,0.0208105147864184,0.7326469335345838,0.4152388482586009
Gujarat,Tapi,Youth-Heavy,12190,0.2169811320754717,3.923156422154037,0.4442825254930148
Gujarat,The Dangs,Youth-Heavy,6581,0.224433976599301,3.6901087861103994,0.4302384951294587
Gujarat,Vadodara,High Stress Urban,100027,0.10939046457456486,4.015198856668021,0.5491199579576966
Gujarat,Valsad,High Stress Urban,48343,0.18081211343938108,5.180903230592057,0.5224011188343654
Haryana,Ambala,High Stress Urban,33242,0.1190662415017147,4.615013298033122,0.5192428857486744
Haryana,Bhiwani,High Stress Urban,34280,0.11680280046674446,3.898554999327688,0.49840032990258015
Haryana,Charkhi Dadri,High Stress Urban,12095,0.14038859032658124,4.836411657404059,0.5034649775950404
Haryana,Faridabad,High Stress Urban,160555,0.12303571984678148,4.647526778793104,0.6040704536447784
Haryana,Fatehabad,High Stress Urban,41970,0.10941148439361449,3.8937771120121396,0.5063653473566656
Haryana,Gurgaon,High Stress Urban,119213,0.11344400359021248,5.713104235601911,0.613557356063228
Haryana,Hisar,High Stress Urban,63206,0.10544884979274119,4.335529113523151,0.5360332966784075
Haryana,Jhajjar,High Stress Urban,32384,0.11619935770750989,7.108943832720515,0.5979404246731765
Haryana,Jind,High Stress Urban,44013,0.11185331606570786,3.7289167060159527,0.501594471333813
Haryana,Kaithal,High Stress Urban,39974,0.12488117276229549,5.157385618550075,0.5384231550855353
Haryana,Karnal,High Stress Urban,49131,0.13897539231849546,5.745017067023004,0.5573361223024094
Haryana,Kurukshetra,High Stress Urban,28709,0.12250513776167753,3.857945729616376,0.49111042617365985
Haryana,Mahendragarh,High Stress Urban,28534,0.10878250508165697,3.293341027955341,0.47879496469109484
Haryana,Mewat,High Stress Urban,66667,0.09545952270238649,2.923120676373228,0.4981046198641429
Haryana,Palwal,High Stress Urban,68968,0.10533870780651897,3.241972344428345,0.5056849014357208
Haryana,Panchkula,High Stress Urban,34418,0.1573885757452496,4.028492991101084,0.48632909719382195
Haryana,Panipat,High Stress Urban,69084,0.1365149672862023,7.516067416168774,0.6271849624230181
Haryana,Rewari,High Stress Urban,44031,0.14060548250096522,5.487619775673128,0.5451998206531596
Haryana,Rohtak,High Stress Urban,26531,0.1564961742866835,5.718176574919401,0.5343277497616709
Haryana,Sirsa,High Stress Urban,55162,0.09020702657626627,4.2630398417283395,0.5344635695208391
Haryana,Sonipat,High Stress Urban,60664,0.12771989977581433,5.827362376721108,0.5721538230454446
Haryana,Yamuna Nagar,High Stress Urban,52881,0.12142357368431006,3.635499484297993,0.5007882511955601
Haryana,Yamunanagar,Stable Low-Activity,428,0.0630841121495327,0.7474371301590496,0.3984674155511211
Himachal Pradesh,Bilaspur,High Stress Urban,6760,0.1378698224852071,3.227317162583511,0.45048654719283726
Himachal Pradesh,Chamba,Youth-Heavy,19658,0.17061756028080172,2.8495726154062635,0.43420550798237123
Himachal Pradesh,Hamirpur,High Stress Urban,7320,0.12062841530054645,3.450140322308648,0.46473902347092205
Himachal Pradesh,Kangra,High Stress Urban,34127,0.10821343804026137,3.23704327840791,0.48101055217313665
Himachal Pradesh,Kinnaur,Stable Low-Activity,1169,0.12061591103507271,0.6810378381273791,0.37387166887837725
Himachal Pradesh,Kullu,High Stress Urban,9602,0.12611955842532804,2.6640802107521333,0.43944867652050107
Himachal Pradesh,Lahaul And Spiti,Youth-Heavy,59,0.2542372881355932,0.31748798546028917,0.3082897999138214
Himachal Pradesh,Lahul & Spiti,Stable Low-Activity,277,0.021660649819494584,0.8222530163165058,0.41727924070879874
Himachal Pradesh,Lahul And Spiti,Youth-Heavy,233,0.30042918454935624,0.6405970444098059,0.30005165397578537
Himachal Pradesh,Mandi,High Stress Urban,16305,0.14038638454461821,2.97250375340452,0.4478999220500295
Himachal Pradesh,Shimla,High Stress Urban,15742,0.11694829119552788,2.8003701950714803,0.45150516525497536
Himachal Pradesh,Sirmaur,High Stress Urban,19418,0.1356473375218869,4.325849290188822,0.4942793047712101
Himachal Pradesh,Solan,High Stress Urban,8983,0.1402649448959145,4.4420794897795846,0.48907394606169663
Himachal Pradesh,Una,High Stress Urban,9561,0.11452776906181361,3.014120891507143,0.4550234663413546
Jaipur,Near Meera Hospital,Stable Low-Activity,2,0.0,0.0,0.40000067076279144
Jammu & Kashmir,Anantnag,Stable Low-Activity,11,0.0,0.0,0.40000670762791446
Jammu & Kashmir,Badgam,Stable Low-Activity,5,0.0,0.0,0.4000026830511658
Jammu & Kashmir,Baramula,Stable Low-Activity,105,0.09523809523809523,0.49500973173577856,0.3774814803135804
Jammu & Kashmir,Doda,Stable Low-Activity,5,0.0,0.0,0.4000026830511658
Jammu & Kashmir,Jammu,Stable Low-Activity,193,0.031088082901554404,0.34220706718520677,0.3984137283686813
Jammu & Kashmir,Kargil,Stable Low-Activity,11,0.0,0.2874797870266892,0.4090124644999846
Jammu & Kashmir,Kathua,Stable Low-Activity,48,0.0625,0.6708203927468215,0.396046030642603
Jammu & Kashmir,Kupwara,Stable Low-Activity,7,0.0,0.0,0.4000040245767487
Jammu & Kashmir,Leh (Ladakh),Youth-Heavy,7,0.5714285714285714,0.5669467087849094,0.18919309413127433
Jammu & Kashmir,Pulwama,Stable Low-Activity,1,0.0,,
Jammu & Kashmir,Punch,Stable Low-Activity,5,0.0,0.0,0.4000026830511658
Jammu & Kashmir,Rajauri,Stable Low-Activity,15,0.0,0.0,0.40000939067908026
Jammu & Kashmir,Srinagar,Stable Low-Activity,10,0.0,0.0,0.40000603686512304
Jammu & Kashmir,Udhampur,Stable Low-Activity,3,0.0,0.0,0.4000013415255829
Jammu And Kashmir,Anantnag,High Stress Urban,35555,0.14754605540711574,3.2345898429864057,0.4661584967658653
Jammu And Kashmir,Badgam,High Stress Urban,12114,0.07363381211821034,5.260395562679435,0.5434615966289903
Jammu And Kashmir,Bandipore,High Stress Urban,15894,0.16358374229268907,4.192713854705795,0.4765702976908681
Jammu And Kashmir,Bandipur,Stable Low-Activity,1,0.0,,
Jammu And Kashmir,Baramula,High Stress Urban,36690,0.14036522213137095,3.9219347826295676,0.49132430807991445
Jammu And Kashmir,Budgam,Youth-Heavy,18622,0.30813016861776393,4.651963143659385,0.4349682749710693
Jammu And Kashmir,Doda,High Stress Urban,11372,0.09752022511431586,3.691263120537976,0.4842537816003407
Jammu And Kashmir,Ganderbal,High Stress Urban,7529,0.13733563554256872,3.295687145466691,0.4533578358966401
Jammu And Kashmir,Jammu,High Stress Urban,34923,0.07101337227615039,3.5256828090012218,0.5054665933257061
Jammu And Kashmir,Kargil,Youth-Heavy,2045,0.24841075794621026,2.238919815599229,0.37214442364220895
Jammu And Kashmir,Kathua,High Stress Urban,20430,0.08673519334312285,3.3319876594741236,0.48338869429350895
Jammu And Kashmir,Kishtwar,Youth-Heavy,5868,0.16479209270620312,2.9133049069525625,0.42928239047662453
Jammu And Kashmir,Kulgam,Youth-Heavy,12407,0.1877166115902313,4.110579243542644,0.4620052041291502
Jammu And Kashmir,Kupwara,High Stress Urban,45130,0.17150454243297142,4.020543631535522,0.48761889533863406
Jammu And Kashmir,Leh,Youth-Heavy,1427,0.20392431674842326,2.694199027490917,0.4037868067178155
Jammu And Kashmir,Poonch,Stable Low-Activity,3,0.0,0.0,0.4000013415255829
Jammu And Kashmir,Pulwama,High Stress Urban,21486,0.15973191845853113,4.544048059199206,0.4928680297715349
Jammu And Kashmir,Punch,High Stress Urban,23435,0.1729037764028163,3.2219337767150362,0.44748929213644206
Jammu And Kashmir,Rajouri,High Stress Urban,15808,0.15150556680161945,3.5016402497063908,0.4596949137399165
Jammu And Kashmir,Ramban,Youth-Heavy,7754,0.2394892958473046,3.2383974876347956,0.41085260468729684
Jammu And Kashmir,Reasi,High Stress Urban,8400,0.1332142857142857,4.238179858831608,0.4851156781138126
Jammu And Kashmir,Samba,High Stress Urban,5120,0.12265625,3.683039931767494,0.4697481583409714
Jammu And Kashmir,Shupiyan,Youth-Heavy,8207,0.2246862434507128,3.0139548684195243,0.4100466628316074
Jammu And Kashmir,Srinagar,High Stress Urban,39706,0.08802196141641062,2.8515857403526543,0.4807542642790022
Jammu And Kashmir,Udhampur,High Stress Urban,16850,0.06955489614243324,3.856788764269812,0.5042997031168474
Jharkhand,Bokaro,High Stress Urban,70673,0.06259816337215061,7.173320506096273,0.6470804395626504
Jharkhand,Chatra,High Stress Urban,47296,0.08434117050067659,3.5805932635737103,0.5101549784826037
Jharkhand,Deoghar,High Stress Urban,60060,0.06696636696636697,5.665599869964968,0.5909826302765792
Jharkhand,Dhanbad,High Stress Urban,107797,0.05358219616501387,6.725347675008283,0.6615547701937537
Jharkhand,Dumka,High Stress Urban,59658,0.06736732709779074,4.3707748246329405,0.549990166755763
Jharkhand,East Singhbhum,High Stress Urban,60660,0.06824925816023739,4.3184272534129855,0.5486696285751168
Jharkhand,Garhwa,High Stress Urban,40273,0.0858888088793981,4.139304763036169,0.5223276732770556
Jharkhand,Garhwa *,Stable Low-Activity,2116,0.020793950850661626,1.1729798076975018,0.42984652191511613
Jharkhand,Giridih,High Stress Urban,125671,0.07750395874943304,5.256525685132133,0.6179621182787505
Jharkhand,Godda,High Stress Urban,57677,0.06562407892227404,4.104622495482498,0.541021044255166
Jharkhand,Gumla,High Stress Urban,46753,0.08127820674609117,3.175134955781945,0.4983143200348227
Jharkhand,Hazaribag,High Stress Urban,9726,0.04020152169442731,7.191686951062754,0.6157334741840252
Jharkhand,Hazaribagh,High Stress Urban,66645,0.0868932403030985,5.115906926369941,0.5702088571526238
Jharkhand,Jamtara,High Stress Urban,33003,0.05096506378208042,3.472830660249306,0.5105423754055782
Jharkhand,Khunti,High Stress Urban,21421,0.06582325755100135,4.091857908703581,0.5162223262624517
Jharkhand,Kodarma,High Stress Urban,3003,0.0735930735930736,3.557594874024318,0.48402366016798626
Jharkhand,Koderma,High Stress Urban,24185,0.06913376059541038,4.578055662222465,0.5319830233895151
Jharkhand,Latehar,High Stress Urban,38645,0.07806960796998318,3.572828381071682,0.506617587418419
Jharkhand,Lohardaga,High Stress Urban,17419,0.08674435960732534,5.2296577202805965,0.5408128629420846
Jharkhand,Pakaur,High Stress Urban,3678,0.061718325176726485,4.118091300588219,0.5067847573002604
Jharkhand,Pakur,High Stress Urban,45461,0.0613712852774906,5.130225890251438,0.566656764273007
Jharkhand,Palamau,High Stress Urban,3686,0.03798155181768855,6.261937839371119,0.5834442003629481
Jharkhand,Palamu,High Stress Urban,114051,0.08250694864578127,4.751594796409233,0.592348903744838
Jharkhand,Pashchimi Singhbhum,High Stress Urban,9157,0.02566342688653489,4.2191892351229106,0.5280488778958001
Jharkhand,Purbi Singhbhum,Stable Low-Activity,4866,0.017673653925195234,0.9917423864224074,0.42726169084094223
Jharkhand,Ramgarh,High Stress Urban,35460,0.0670332769317541,5.681240537307252,0.5749450701464847
Jharkhand,Ranchi,High Stress Urban,103653,0.08013275061985664,4.318731628891144,0.5727638713249192
Jharkhand,Sahebganj,High Stress Urban,65749,0.07224444478243015,4.494264749508994,0.5559934521360872
Jharkhand,Sahibganj,High Stress Urban,2656,0.05647590361445783,4.207560106229522,0.5109989575285697
Jharkhand,Seraikela-Kharsawan,High Stress Urban,34701,0.06423446010201435,4.520651507362822,0.5391982095865673
Jharkhand,Simdega,High Stress Urban,26085,0.06708836496070539,3.566233234322109,0.5023787006077183
Jharkhand,West Singhbhum,High Stress Urban,59305,0.06800438411601045,3.5152722003756316,0.5226985982674938
Karnataka,Bagalkot,Youth-Heavy,52661,0.28081502440135964,3.7496467874649446,0.44045994705414415
Karnataka,Bagalkot *,Youth-Heavy,1196,0.13712374581939799,1.5804694640813852,0.39546275710569667
Karnataka,Ballari,High Stress Urban,24399,0.19607360957416287,5.899701789679547,0.5227532724801099
Karnataka,Bangalore,High Stress Urban,51842,0.07463060838702211,2.517375247294651,0.48378151292694693
Karnataka,Bangalore Rural,High Stress Urban,48234,0.11844342165277605,4.3087801924022555,0.5199548553592658
Karnataka,Belagavi,Youth-Heavy,54321,0.23863699121886564,4.070008862148956,0.4684804728563498
Karnataka,Belgaum,Youth-Heavy,63022,0.19234553013233474,3.00105842504736,0.45934680918220466
Karnataka,Bellary,High Stress Urban,27380,0.1287070854638422,2.73382484348295,0.4525233470219717
Karnataka,Bengaluru,High Stress Urban,303924,0.12681130809018043,4.235570347556222,0.6858216252943417
Karnataka,Bengaluru Rural,Stable Low-Activity,79,0.10126582278481013,0.9110707465001895,0.3880867157026097
Karnataka,Bengaluru South,Stable Low-Activity,3714,0.08777598276790523,0.788832392385779,0.39209156558909924
Karnataka,Bidar,High Stress Urban,43059,0.14858682273160081,3.4189949382622657,0.47655237371847026
Karnataka,Bijapur,Youth-Heavy,30382,0.17908630109933513,2.9176782552689273,0.4401447882093148
Karnataka,Bijapur(Kar),Stable Low-Activity,1,0.0,,
Karnataka,Chamarajanagar,Stable Low-Activity,1110,0.07657657657657657,0.7718572696375904,0.3942928893148053
Karnataka,Chamarajanagar *,Stable Low-Activity,56,0.08928571428571429,0.40480309523787694,0.377003700428434
Karnataka,Chamrajanagar,High Stress Urban,15211,0.14634146341463414,3.4269117916188656,0.45901912312296383
Karnataka,Chamrajnagar,Stable Low-Activity,1936,0.0759297520661157,0.8853042864367194,0.39865957557140114
Karnataka,Chickmagalur,High Stress Urban,10484,0.08450972911102633,2.679122431425297,0.45715544226995025
Karnataka,Chikkaballapur,High Stress Urban,36221,0.11681068993125535,3.8724427673637067,0.4988811179234821
Karnataka,Chikkamagaluru,High Stress Urban,11089,0.162773920101001,5.025372486021891,0.4997555537309205
Karnataka,Chikmagalur,Stable Low-Activity,712,0.05898876404494382,0.8345254020727623,0.40302422863559434
Karnataka,Chitradurga,High Stress Urban,47341,0.12933820578357028,3.787806686241964,0.49867763535030907
Karnataka,Dakshina Kannada,High Stress Urban,56402,0.13898443317612852,3.0877141794549314,0.4789654262034406
Karnataka,Davanagere,Stable Low-Activity,3186,0.05712492153170119,2.0964915811916063,0.44496230990328545
Karnataka,Davangere,High Stress Urban,33773,0.16163799484795546,4.216295308493396,0.49007989077826114
Karnataka,Dharwad,Youth-Heavy,55119,0.21322955786570874,4.584276387360752,0.49528895467946576
Karnataka,Gadag,Youth-Heavy,28744,0.27793626495964374,3.6951164772618292,0.423860569340449
Karnataka,Gadag *,Youth-Heavy,847,0.17591499409681227,2.3317569511459486,0.40324742477070297
Karnataka,Gulbarga,High Stress Urban,23699,0.11342250727878814,2.095387415966984,0.4361680430315809
Karnataka,Hasan,Stable Low-Activity,8568,0.05438842203548086,1.1403210449299217,0.4197134078173024
Karnataka,Hassan,High Stress Urban,38846,0.14974514750553466,5.335637103233029,0.533304953116191
Karnataka,Haveri,Youth-Heavy,57630,0.24794377928162414,4.513706177392536,0.48087682856531544
Karnataka,Haveri *,Youth-Heavy,964,0.15560165975103735,2.4777742336850754,0.41602545898788845
Karnataka,Kalaburagi,Youth-Heavy,40220,0.20387866732968674,5.024562926983491,0.5028282850058068
Karnataka,Kodagu,High Stress Urban,11481,0.09929448654298406,2.658970325154237,0.4512789933483588
Karnataka,Kolar,High Stress Urban,47265,0.13094255791812123,5.114023244532936,0.539530737909594
Karnataka,Koppal,Youth-Heavy,43399,0.18590290098850204,3.8361479173951323,0.4749219755078792
Karnataka,Mandya,High Stress Urban,40261,0.10186036114353841,3.870279750204833,0.5075033711985434
Karnataka,Mysore,Stable Low-Activity,21231,0.07262964532994207,2.493463561210641,0.46330010713305503
Karnataka,Mysuru,High Stress Urban,37185,0.1262605889471561,5.324418866753106,0.5412332106257502
Karnataka,Raichur,High Stress Urban,48164,0.15316418902084544,3.89489136075085,0.49305387583175486
Karnataka,Ramanagar,High Stress Urban,34834,0.10440948498593329,4.506910235039109,0.5227869440975561
Karnataka,Shimoga,High Stress Urban,15514,0.07496454815005801,2.804824172483861,0.46828525641049573
Karnataka,Shivamogga,Youth-Heavy,24751,0.18286129853339259,4.305908508239403,0.47834622194854814
Karnataka,Tumakuru,High Stress Urban,28425,0.15169744942832014,4.151492386899461,0.48843881600739847
Karnataka,Tumkur,High Stress Urban,26300,0.10456273764258556,2.9098777813585612,0.46697179775277803
Karnataka,Udupi,High Stress Urban,27375,0.1440730593607306,2.936721170517258,0.45272965048791
Karnataka,Udupi *,Stable Low-Activity,1,0.0,,
Karnataka,Uttara Kannada,High Stress Urban,30631,0.13496131370180536,4.249769629197741,0.4996916623364948
Karnataka,Vijayanagara,High Stress Urban,14692,0.1406207459842091,3.9344802623784916,0.4768596655544547
Karnataka,Vijayapura,Youth-Heavy,31971,0.2797848049795127,3.882331321750818,0.431150504573022
Karnataka,Yadgir,Youth-Heavy,35433,0.2037648519741484,4.16764375645809,0.47281852770802807
Kerala,Alappuzha,Stable Low-Activity,36835,0.0716709651147007,1.931372095319132,0.4565417618175647
Kerala,Ernakulam,High Stress Urban,66207,0.08659205219991843,2.4773369960390075,0.48737818165312413
Kerala,Idukki,Stable Low-Activity,15492,0.09863155176865479,2.1938952666342764,0.43966538849697023
Kerala,Kannur,Stable Low-Activity,57710,0.08038468203084387,1.886017333305281,0.46563763900614086
Kerala,Kasaragod,Stable Low-Activity,28358,0.08643063685732422,1.93665068890135,0.44511719719081627
Kerala,Kasargod,Stable Low-Activity,1869,0.01819154628143392,0.7074782049773313,0.4161392348471813
Kerala,Kollam,Stable Low-Activity,53100,0.0847080979284369,2.0646807727935603,0.46641296966800416
Kerala,Kottayam,Stable Low-Activity,30210,0.0778550148957299,1.3981205167919628,0.4329193932832175
Kerala,Kozhikode,High Stress Urban,89927,0.10313921291714391,2.1826863637611122,0.4874394158916146
Kerala,Malappuram,High Stress Urban,152390,0.06569328696108669,1.82648542161267,0.5331570872807809
Kerala,Palakkad,High Stress Urban,49996,0.07788623089847188,2.2895575453082952,0.4741042876697308
Kerala,Pathanamthitta,Stable Low-Activity,21035,0.09294033753268362,1.426230499257116,0.4216116050676642
Kerala,Thiruvananthapuram,High Stress Urban,64938,0.08274046013120206,2.238794122355026,0.480594889471915
Kerala,Thrissur,Stable Low-Activity,58820,0.08490309418565115,1.9399995800667371,0.4662658997000228
Kerala,Wayanad,High Stress Urban,18065,0.0933849986161085,2.5412547718334753,0.45437146572535253
Ladakh,Kargil,Youth-Heavy,2489,0.28163921253515467,4.050108995921223,0.41588921268812934
Ladakh,Leh,Youth-Heavy,3246,0.20764017252002465,4.066718309228086,0.44651690901260754
Lakshadweep,Lakshadweep,Stable Low-Activity,1176,0.1445578231292517,0.6611834292811107,0.3636776287688247
Madanapalle,Kadiri Road,Stable Low-Activity,2,0.0,0.0,0.40000067076279144
Madhya Pradesh,Agar Malwa,High Stress Urban,9884,0.09763253743423715,3.202225579677903,0.4678908908406462
Madhya Pradesh,Alirajpur,High Stress Urban,21594,0.09266462906362878,3.3220913556001834,0.4814876705971861
Madhya Pradesh,Anuppur,High Stress Urban,26195,0.14686008780301585,4.091008047595634,0.48698319249097466
Madhya Pradesh,Ashok Nagar,High Stress Urban,45017,0.13532665437501387,3.4080694064736803,0.482827535124782
Madhya Pradesh,Balaghat,High Stress Urban,79292,0.1644049841093679,3.543276679953972,0.49842217858953053
Madhya Pradesh,Barwani,High Stress Urban,82759,0.15187472057419737,4.155206026449024,0.5249294686643061
Madhya Pradesh,Betul,Youth-Heavy,48246,0.22679600381378767,3.916808178759724,0.4643427312885089
Madhya Pradesh,Bhind,High Stress Urban,58016,0.1449772476558191,4.910392231657564,0.5347491707562094
Madhya Pradesh,Bhopal,High Stress Urban,90864,0.11775840817045255,3.9762780885943405,0.5384073267333145
Madhya Pradesh,Burhanpur,Youth-Heavy,16543,0.19633681919845253,3.8381105549841745,0.4527958854088252
Madhya Pradesh,Chhatarpur,High Stress Urban,79858,0.14802524480953694,3.866976936701062,0.5154941461528367
Madhya Pradesh,Chhindwara,High Stress Urban,89422,0.18983024311690636,4.012899378349684,0.5097585723593677
Madhya Pradesh,Damoh,High Stress Urban,55454,0.12648321131027518,3.970311808727541,0.5109787919234718
Madhya Pradesh,Datia,High Stress Urban,36445,0.14180271642200576,4.898666848233473,0.5211826429818801
Madhya Pradesh,Dewas,High Stress Urban,47249,0.11534635653664628,5.335253495712373,0.5526888721308209
Madhya Pradesh,Dhar,High Stress Urban,87455,0.13751071979875365,4.258440248874127,0.5370589455693021
Madhya Pradesh,Dindori,High Stress Urban,47417,0.17942931859881478,3.164992908087346,0.4591815461778637
Madhya Pradesh,East Nimar,High Stress Urban,9607,0.11220984698657228,3.9937535653338583,0.48667002588062563
Madhya Pradesh,Guna,High Stress Urban,52953,0.10252488055445395,5.104615274772694,0.5544183881502791
Madhya Pradesh,Gwalior,High Stress Urban,81719,0.13919651488637894,4.322674937145939,0.5345493848892624
Madhya Pradesh,Harda,High Stress Urban,10167,0.15255237533195634,3.1004823294354376,0.442925514076024
Madhya Pradesh,Harda *,High Stress Urban,2094,0.0778414517669532,3.59328247232956,0.4828325557164421
Madhya Pradesh,Hoshangabad,Youth-Heavy,12403,0.1707651374667419,2.8221726502566677,0.42842174601540334
Madhya Pradesh,Indore,High Stress Urban,186687,0.12383293962621929,3.8881540230381737,0.5974913920395422
Madhya Pradesh,Jabalpur,High Stress Urban,92051,0.10117217629357639,4.550828358008755,0.5638367065495195
Madhya Pradesh,Jhabua,High Stress Urban,41462,0.09398967729487241,3.491852550580066,0.49960240311169984
Madhya Pradesh,Katni,High Stress Urban,56942,0.1579501949351972,5.267652549441121,0.5400313344512323
Madhya Pradesh,Khandwa,Youth-Heavy,17730,0.23525098702763678,5.336711422287184,0.48497244493870467
Madhya Pradesh,Khargone,High Stress Urban,40980,0.1316495851634944,4.1623417393903965,0.5052192616054954
Madhya Pradesh,Maihar,High Stress Urban,4017,0.04854368932038835,3.101543481786265,0.48043703958108475
Madhya Pradesh,Mandla,High Stress Urban,56981,0.18200803776697497,3.92751163466229,0.4884523332957778
Madhya Pradesh,Mandsaur,High Stress Urban,54055,0.18699472759226712,3.663041323640607,0.4762100566226145
Madhya Pradesh,Mauganj,High Stress Urban,4086,0.04136074400391581,3.586057601492979,0.49853466785005235
Madhya Pradesh,Morena,High Stress Urban,110417,0.13658222918572321,4.151199615556011,0.5494729153775062
Madhya Pradesh,Narmadapuram,High Stress Urban,5909,0.08275511930952784,3.5439076023433635,0.48187930322178274
Madhya Pradesh,Narsimhapur,High Stress Urban,4286,0.06952869808679421,2.8416007604840643,0.46408035632532807
Madhya Pradesh,Narsinghpur,High Stress Urban,26197,0.15028438370805816,4.43436537333577,0.4963710243878272
Madhya Pradesh,Neemuch,High Stress Urban,36976,0.14101038511466898,4.665954534294487,0.5145656709830553
Madhya Pradesh,Niwari,High Stress Urban,1739,0.0885566417481311,3.102555691291019,0.46293557002720376
Madhya Pradesh,Pandhurna,Stable Low-Activity,821,0.0730816077953715,0.7679948355933683,0.39537602955397744
Madhya Pradesh,Panna,High Stress Urban,42825,0.1163806187974314,3.7601191631854656,0.49996415013384443
Madhya Pradesh,Raisen,High Stress Urban,42813,0.14420853479083456,3.142996281176208,0.4694925888447074
Madhya Pradesh,Rajgarh,High Stress Urban,42280,0.17745979186376537,3.5221150773326473,0.46771106253657985
Madhya Pradesh,Ratlam,High Stress Urban,79423,0.1391410548581645,4.993862418112919,0.5540575019391497
Madhya Pradesh,Rewa,High Stress Urban,83134,0.11333509755334761,3.4041254273457073,0.5170680718203157
Madhya Pradesh,Sagar,High Stress Urban,87877,0.11236159632213207,4.006405297481252,0.5395062652584701
Madhya Pradesh,Satna,High Stress Urban,87053,0.13436642045650352,3.7564191016629342,0.5223204159585713
Madhya Pradesh,Sehore,High Stress Urban,27869,0.16383795615199684,4.203482101034617,0.4848383288420693
Madhya Pradesh,Seoni,High Stress Urban,74283,0.14490529461653406,4.039448062044604,0.5184055531688234
Madhya Pradesh,Shahdol,High Stress Urban,54777,0.12397539113131424,4.3324311775341915,0.522871772852329
Madhya Pradesh,Shajapur,High Stress Urban,31225,0.13819055244195355,4.279913528911729,0.49974270504886514
Madhya Pradesh,Sheopur,High Stress Urban,38806,0.1365768180178323,3.5720618395538755,0.4832986830889866
Madhya Pradesh,Shivpuri,High Stress Urban,68930,0.10613666038009575,4.480503970570211,0.5441391842744823
Madhya Pradesh,Sidhi,High Stress Urban,54093,0.1104764017525373,3.935379737115188,0.5153743054549619
Madhya Pradesh,Singrauli,High Stress Urban,56704,0.15415138261851016,4.6839220381311,0.5231049406728492
Madhya Pradesh,Tikamgarh,High Stress Urban,51168,0.15714899937460913,4.092660771301986,0.49967036122490677
Madhya Pradesh,Ujjain,High Stress Urban,76708,0.13385826771653545,4.423856129734515,0.5364931515439906
Madhya Pradesh,Umaria,High Stress Urban,29625,0.12462447257383966,5.095700697277693,0.5296517337705277
Madhya Pradesh,Vidisha,High Stress Urban,49297,0.1817960524981236,3.8683972145074272,0.4815311338460577
Madhya Pradesh,West Nimar,Stable Low-Activity,2059,0.10199125789218066,1.2493329651764638,0.399721248470647
Maharashtra,Ahilyanagar,Stable Low-Activity,2418,0.0827129859387924,0.9696529341458052,0.3989119438568171
Maharashtra,Ahmadnagar,High Stress Urban,227667,0.03689599283163568,2.3172131937037217,0.6105418355363581
Maharashtra,Ahmed Nagar,Stable Low-Activity,5595,0.02037533512064343,1.364692590937251,0.4383532566829981
Maharashtra,Akola,High Stress Urban,62082,0.046535227602203535,2.8197874039705346,0.5113618130827782
Maharashtra,Amravati,High Stress Urban,96191,0.06210560239523448,2.5466785307375845,0.5194571458438624
Maharashtra,Aurangabad,High Stress Urban,155129,0.05328468564871816,3.093713994110119,0.579655676964368
Maharashtra,Beed,High Stress Urban,171151,0.05215862016581849,2.8465449587030953,0.5831101054806711
Maharashtra,Bhandara,Stable Low-Activity,37894,0.04375362854277722,2.03705013801021,0.471729565285494
Maharashtra,Bid,Stable Low-Activity,11918,0.010236616882027186,1.5628220717249057,0.45285669498488523
Maharashtra,Buldana,Stable Low-Activity,22941,0.010461618935530274,1.67406160356326,0.4636452658589111
Maharashtra,Buldhana,High Stress Urban,114172,0.03750481729320674,2.001032091301466,0.5242652119794174
Maharashtra,Chandrapur,High Stress Urban,112071,0.028990550633080814,2.186750043439349,0.5320795532218929
Maharashtra,Chatrapati Sambhaji Nagar,High Stress Urban,7640,0.10078534031413612,3.8010356469635473,0.48388324597416915
Maharashtra,Chhatrapati Sambhajinagar,High Stress Urban,14738,0.09662097978016013,2.996701392826818,0.46511302780783575
Maharashtra,Dharashiv,Stable Low-Activity,3188,0.07496863237139273,1.9809624319492918,0.4342070346298917
Maharashtra,Dhule,High Stress Urban,61908,0.0588776894747044,2.5755716274618465,0.49865767197059097
Maharashtra,Dist : Thane,Stable Low-Activity,1,0.0,,
Maharashtra,Gadchiroli,Stable Low-Activity,52698,0.04499221981858894,1.5425217146796288,0.46567221980469065
Maharashtra,Gondia,Stable Low-Activity,975,0.018461538461538463,0.8930445928641374,0.42124473525408684
Maharashtra,Gondiya,High Stress Urban,63618,0.054449998428117825,1.7295718407848437,0.4750734776933297
Maharashtra,Gondiya *,Stable Low-Activity,2008,0.013446215139442231,1.0190010455064011,0.427889546702992
Maharashtra,Hingoli,High Stress Urban,96551,0.028264854843554184,1.9622598033152348,0.5149270828556703
Maharashtra,Hingoli *,Stable Low-Activity,3,0.0,0.0,0.4000013415255829
Maharashtra,Jalgaon,High Stress Urban,151076,0.05151049802748286,2.6690647719416916,0.5643439450625657
Maharashtra,Jalna,High Stress Urban,79540,0.05157153633392004,2.163670534372309,0.5005035726203049
Maharashtra,Kolhapur,High Stress Urban,129934,0.04478427509350901,1.9923522738992874,0.5316540830344014
Maharashtra,Latur,High Stress Urban,125627,0.04741815055680706,2.616967478421229,0.5472786120415365
Maharashtra,Mumbai,High Stress Urban,135483,0.0523608127957013,2.641990048889074,0.5526964566282819
Maharashtra,Mumbai City,High Stress Urban,51875,0.09542168674698795,4.413006697088979,0.5348708559752945
Maharashtra,Mumbai Suburban,High Stress Urban,192977,0.1029604564274499,3.835767873886004,0.6084184046900962
Maharashtra,Mumbai( Sub Urban ),Stable Low-Activity,3641,0.014007140895358419,0.7802724256769126,0.42128198222230256
Maharashtra,Nagpur,High Stress Urban,158901,0.08208884777314177,3.2468758347733977,0.5754621651262338
Maharashtra,Nanded,High Stress Urban,236789,0.030351916685318996,2.073705975236601,0.6116499172370303
Maharashtra,Nandurbar,High Stress Urban,41044,0.072263911899425,3.831844437485733,0.5186631114870618
Maharashtra,Nandurbar *,Stable Low-Activity,600,0.0,0.6980665971170881,0.4222698219456706
Maharashtra,Nashik,High Stress Urban,246100,0.060077204388459975,2.8239189129445803,0.6295068757469948
Maharashtra,Osmanabad,High Stress Urban,108833,0.02770299449615466,2.2516898252472783,0.5324569866496665
Maharashtra,Palghar,High Stress Urban,122107,0.0737304167656236,3.9802450823532007,0.5770994375126453
Maharashtra,Parbhani,High Stress Urban,116829,0.03793578649136772,1.7629643658774845,0.518417194777887
Maharashtra,Pune,High Stress Urban,438478,0.07444843298865622,3.5030190060347848,0.774072268038156
Maharashtra,Raigad,High Stress Urban,42361,0.0846061235570454,7.405121169691583,0.6265481400191657
Maharashtra,Raigarh,High Stress Urban,85867,0.04715432005310538,3.2023319583437324,0.539052079454739
Maharashtra,Raigarh(Mh),Stable Low-Activity,853,0.009378663540445486,1.1217867170864766,0.43196175928333813
Maharashtra,Ratnagiri,Stable Low-Activity,53009,0.050029240317681904,2.2037221073671103,0.4845791619791771
Maharashtra,Sangli,High Stress Urban,89884,0.038516309910551376,2.694190457936948,0.5292834052411732
Maharashtra,Satara,High Stress Urban,98223,0.04022479460004276,2.5623350780839265,0.5300629249459259
Maharashtra,Sindhudurg,Stable Low-Activity,27892,0.0383264018356518,2.2581209161345326,0.4741168766571068
Maharashtra,Solapur,High Stress Urban,265546,0.029128663207127956,2.4374377666221814,0.642822815164534
Maharashtra,Thane,High Stress Urban,447253,0.08069258339239758,4.729588655697467,0.8158847764824158
Maharashtra,Wardha,High Stress Urban,30342,0.07646167029200449,2.762750957952442,0.4763144685494907
Maharashtra,Washim,Stable Low-Activity,53874,0.029401937854994988,1.8661164728250952,0.4828342648265153
Maharashtra,Washim *,Stable Low-Activity,995,0.006030150753768844,1.1346974492848882,0.43380086172425975
Maharashtra,Yavatmal,High Stress Urban,196112,0.026025944358325854,1.7020480022106796,0.5744529170404793
Manipur,Bishnupur,High Stress Urban,42055,0.12324337177505647,1.5280864018362093,0.4267806217342123
Manipur,Chandel,Youth-Heavy,8989,0.13872510846590277,2.0186396371376594,0.413775836908304
Manipur,Churachandpur,High Stress Urban,19273,0.1418564831629741,3.9317401221104427,0.4793522958232082
Manipur,Imphal East,High Stress Urban,56020,0.13448768297036773,1.8286680830099054,0.441066293969535
Manipur,Imphal West,High Stress Urban,59350,0.12326874473462511,1.7866175883234459,0.44647021141846294
Manipur,Jiribam,Youth-Heavy,1997,0.1527290936404607,1.7628963748103197,0.3954727091236642
Manipur,Kakching,Youth-Heavy,3325,0.18045112781954886,0.9764952260846412,0.3606394145223045
Manipur,Kangpokpi,Youth-Heavy,3,0.6666666666666666,0.0,0.13333467485891626
Manipur,Pherzawl,Stable Low-Activity,176,0.07954545454545454,1.2064379069322726,0.4060927682492214
Manipur,Senapati,Youth-Heavy,25510,0.18722069776558212,1.9878456782100056,0.40449460402743337
Manipur,Tamenglong,Youth-Heavy,10431,0.21196433707218867,2.168921539554336,0.39015520257425335
Manipur,Thoubal,High Stress Urban,59244,0.1289413273918034,1.6701993183625112,0.4404830919304559
Manipur,Ukhrul,High Stress Urban,15176,0.1253953610964681,2.6412199004270156,0.44276105204450683
Meghalaya,East Garo Hills,High Stress Urban,6345,0.03955870764381403,4.770773629926008,0.5378838300808463
Meghalaya,East Jaintia Hills,High Stress Urban,3394,0.13111373011196228,3.765965376250273,0.46780519980572466
Meghalaya,East Khasi Hills,High Stress Urban,16360,0.11466992665036675,4.56516371161034,0.5081159774773545
Meghalaya,Eastern West Khasi Hills,Youth-Heavy,306,0.16013071895424835,1.475909735080418,0.3823874908611152
Meghalaya,Jaintia Hills,Stable Low-Activity,25,0.04,0.41145502524246613,0.39690557467487975
Meghalaya,North Garo Hills,High Stress Urban,3832,0.04749478079331942,4.731347588421039,0.531788691112512
Meghalaya,Ri Bhoi,High Stress Urban,8216,0.10540408958130477,4.026154088110361,0.48947429517989366
Meghalaya,South Garo Hills,High Stress Urban,4004,0.06243756243756244,4.899992471621128,0.531210016097725
Meghalaya,South West Garo Hills,High Stress Urban,7182,0.06864383180172653,4.595927080390881,0.5213338654708881
Meghalaya,South West Khasi Hills,High Stress Urban,4740,0.13565400843881856,5.012804643990859,0.5059511379972967
Meghalaya,West Garo Hills,High Stress Urban,14970,0.0762191048764195,3.823169139677945,0.49931979791182485
Meghalaya,West Jaintia Hills,High Stress Urban,7460,0.12037533512064343,5.037693116501489,0.5146667526975048
Meghalaya,West Khasi Hills,High Stress Urban,10544,0.12623292867981792,3.96435215293132,0.4807682524124384
Mizoram,Aizawl,High Stress Urban,12892,0.11891095252869997,4.7039060134764545,0.5084396827758874
Mizoram,Champhai,High Stress Urban,6469,0.08904003710001546,5.3676644953854735,0.536873018855629
Mizoram,Hnahthial,Stable Low-Activity,47,0.0851063829787234,0.6109755162403004,0.3851280717254542
Mizoram,Khawzawl,Youth-Heavy,35,0.22857142857142856,0.36040793187447356,0.31988458031741834
Mizoram,Kolasib,High Stress Urban,3867,0.17532971295577968,4.951924760076137,0.48758812207436697
Mizoram,Lawngtlai,High Stress Urban,4395,0.08896473265073948,4.236103112742465,0.5000640370190842
Mizoram,Lunglei,High Stress Urban,7323,0.14843643315581045,5.996341990723042,0.5333816040469759
Mizoram,Mamit,Youth-Heavy,1809,0.1824212271973466,4.352056264721514,0.4645792616380436
Mizoram,Mammit,High Stress Urban,636,0.055031446540880505,4.111852972792005,0.5072236229045833
Mizoram,Saiha,High Stress Urban,1851,0.11615343057806592,4.263904990534604,0.48835307489357027
Mizoram,Saitual,Stable Low-Activity,127,0.06299212598425197,0.6428928343503598,0.3950272957797965
Mizoram,Serchhip,High Stress Urban,2455,0.1780040733197556,4.762276375151896,0.479630226669779
Nagaland,Chumukedima,High Stress Urban,1837,0.13826891671203048,2.694856589464081,0.43034457864079256
Nagaland,Dimapur,High Stress Urban,8215,0.09945222154595253,3.7141056860131982,0.4820789642167938
Nagaland,Kiphire,High Stress Urban,1958,0.13329928498467825,3.7312299323556166,0.46487962002845784
Nagaland,Kohima,High Stress Urban,3308,0.08343409915356712,4.724176228410191,0.5168368299243803
Nagaland,Longleng,Youth-Heavy,820,0.16097560975609757,1.0934510531607888,0.37041318634719705
Nagaland,Meluri,Stable Low-Activity,96,0.08333333333333333,0.611514724315895,0.38588705050216693
Nagaland,Mokokchung,High Stress Urban,2696,0.07010385756676558,4.404946013041235,0.5117580307101174
Nagaland,Mon,Youth-Heavy,4662,0.17953667953667954,2.5777930265602866,0.4120651780102877
Nagaland,Niuland,High Stress Urban,373,0.15281501340482573,4.171483607140173,0.46980180903485785
Nagaland,Noklak,Stable Low-Activity,447,0.13870246085011187,0.551436541139699,0.3620927935736921
Nagaland,Peren,Youth-Heavy,1804,0.21674057649667405,2.5583194650417527,0.39465653919897653
Nagaland,Phek,High Stress Urban,1468,0.1055858310626703,3.8613604616393484,0.4797128715074754
Nagaland,Shamator,Stable Low-Activity,433,0.11778290993071594,0.7570342946545702,0.3768918965380424
Nagaland,Tseminyu,Stable Low-Activity,91,0.07692307692307693,0.575614916966664,0.38732318127452264
Nagaland,Tuensang,High Stress Urban,4239,0.10945977824958716,3.120806590162937,0.45682296054250676
Nagaland,Wokha,High Stress Urban,1905,0.06929133858267716,4.914068623858345,0.5275015321675891
Nagaland,Zunheboto,High Stress Urban,2439,0.09061090610906108,3.8450200568636834,0.4858422632571612
Nagpur,Near Uday Nagar Nit Garden,Stable Low-Activity,1,0.0,,
Odisha,Angul,High Stress Urban,29464,0.13603040999185448,3.5920896608930173,0.477878383332427
Odisha,Anugal,Stable Low-Activity,11,0.0,0.2874797870266892,0.4090124644999846
Odisha,Anugul,Stable Low-Activity,1603,0.049282595134123516,0.7755212436926686,0.40565594770298097
Odisha,Balangir,High Stress Urban,37804,0.13223468416040632,3.768766959853699,0.4905255298565786
Odisha,Baleshwar,Stable Low-Activity,10283,0.07458912768647281,1.8993468285748014,0.43656116125623357
Odisha,Baleswar,Youth-Heavy,43208,0.185775782262544,3.9333703138587772,0.477890351919374
Odisha,Balianta,Stable Low-Activity,1,0.0,,
Odisha,Bargarh,High Stress Urban,34705,0.13081688517504683,2.9504976323968277,0.46338038077842353
Odisha,Baudh,Stable Low-Activity,1126,0.052397868561278864,0.6616817924897163,0.400523684468462
Odisha,Bhadrak,High Stress Urban,40043,0.17154059386159878,3.7107091607832303,0.47448625191713895
Odisha,Bhadrak(R),Stable Low-Activity,1,0.0,,
Odisha,Boudh,High Stress Urban,9187,0.1471644715358659,2.824223318418095,0.43576907965872913
Odisha,Cuttack,High Stress Urban,48636,0.11989061600460564,4.4999084878774145,0.5256330189858163
Odisha,Debagarh,High Stress Urban,7982,0.12778752192432974,3.221473108299997,0.4551560653483412
Odisha,Dhenkanal,High Stress Urban,29303,0.15138381735658465,2.946731795934458,0.4514121765511459
Odisha,Gajapati,High Stress Urban,21324,0.15259801163008815,3.5206750175571626,0.4635541574331263
Odisha,Ganjam,High Stress Urban,94585,0.1328117566210287,3.6642719423586882,0.5251078120169868
Odisha,Jagatsinghapur,High Stress Urban,15608,0.16011019989748848,4.4333104534044505,0.4853049436859518
Odisha,Jagatsinghpur,Stable Low-Activity,5173,0.04446162768219602,1.050027283986734,0.4185782916819401
Odisha,Jajapur,High Stress Urban,26249,0.14545316012038553,3.2142854764991213,0.46011747010051907
Odisha,Jajpur,High Stress Urban,18971,0.13752569711665172,4.372295953937132,0.4946831448226148
Odisha,Jharsuguda,High Stress Urban,16671,0.10941155299622098,3.914743453015319,0.4900524956914315
Odisha,Kalahandi,High Stress Urban,47377,0.11590012031154358,3.0861575107846413,0.482096752059905
Odisha,Kandhamal,High Stress Urban,31772,0.14846405640186328,4.237710121592738,0.4946781225420114
Odisha,Kendrapara,High Stress Urban,39680,0.13412298387096774,4.0650952655197266,0.5003115116166706
Odisha,Kendujhar,High Stress Urban,54065,0.13304355867936743,3.557331664794618,0.4944857103468488
Odisha,Khorda,High Stress Urban,37593,0.152262389274599,4.054846411312519,0.4913348060179399
Odisha,Khordha,Stable Low-Activity,4608,0.03884548611111111,0.7502709457825951,0.41105542817006463
Odisha,Koraput,High Stress Urban,41430,0.11875452570601014,3.0832587682197135,0.4768751559074124
Odisha,Malkangiri,High Stress Urban,20854,0.1614558358108756,3.876843538838089,0.4708533088494956
Odisha,Mayurbhanj,High Stress Urban,71471,0.1366148507786375,3.282688722545726,0.4961288681530903
Odisha,Nabarangapur,High Stress Urban,41822,0.10123858256420067,3.431942667084213,0.4950675441997481
Odisha,Nayagarh,High Stress Urban,22895,0.14846036252456868,3.5760062478039614,0.4679963233092101
Odisha,Nuapada,High Stress Urban,18243,0.1355588444882969,2.656186530623414,0.44122174142013704
Odisha,Puri,High Stress Urban,30837,0.1252067321723903,3.7417720805737784,0.4878178491956734
Odisha,Rayagada,High Stress Urban,31473,0.13204969338798336,3.6349487015978847,0.4821608593396965
Odisha,Sambalpur,High Stress Urban,30078,0.12231531351818604,3.3166639974816086,0.47514812780131954
Odisha,Sonapur,Youth-Heavy,13163,0.16508394742839777,3.1738340516912666,0.4422203487287233
Odisha,Subarnapur,High Stress Urban,4309,0.06730099791134835,3.424368872270668,0.4832429924203471
Odisha,Sundargarh,Stable Low-Activity,7024,0.0566628701594533,1.6207598997424926,0.43281847423950026
Odisha,Sundergarh,High Stress Urban,42675,0.12942003514938488,4.262347731370752,0.510380869668346
Orissa,Angul,Stable Low-Activity,3,0.0,0.471404520476762,0.41476883020267163
Orissa,Anugul,Stable Low-Activity,210,0.07142857142857142,0.40418655366061185,0.3842305409057218
Orissa,Balangir,Stable Low-Activity,4790,0.05031315240083507,0.8101190851724435,0.40846527766004287
Orissa,Baleshwar,Stable Low-Activity,2004,0.12025948103792415,0.6142497597887155,0.37248208611802064
Orissa,Baleswar,Stable Low-Activity,6,0.0,0.0,0.40000335381395724
Orissa,Bargarh,Stable Low-Activity,766,0.057441253263707574,0.9858119013842098,0.40841874188116484
Orissa,Baudh,Stable Low-Activity,4,0.0,0.0,0.40000201228837434
Orissa,Bhadrak,Stable Low-Activity,2607,0.09397775220560031,0.8860202449572229,0.3919128858763665
Orissa,Cuttack,Stable Low-Activity,2035,0.047665847665847666,0.7688105317950779,0.40638219260216996
Orissa,Debagarh,Stable Low-Activity,7,0.0,0.0,0.4000040245767487
Orissa,Dhenkanal,Stable Low-Activity,680,0.06764705882352941,0.6255123698700552,0.3929917840580193
Orissa,Gajapati,Stable Low-Activity,64,0.015625,0.3544926973935768,0.4048972998352141
Orissa,Ganjam,Stable Low-Activity,4254,0.07710390220968501,0.8664706141338773,0.3991547492321659
Orissa,Jagatsinghapur,Stable Low-Activity,81,0.037037037037037035,0.3929477430668274,0.3975485528285354
Orissa,Jajapur,Stable Low-Activity,484,0.10537190082644628,0.6174518872821616,0.37751787044405405
Orissa,Jajapur  *,Stable Low-Activity,3,0.0,0.0,0.4000013415255829
Orissa,Jharsuguda,Stable Low-Activity,115,0.10434782608695652,0.5207436150942962,0.3746504500077886
Orissa,Kalahandi,Stable Low-Activity,18,0.0,0.0,0.40001140296745463
Orissa,Kandhamal,Stable Low-Activity,273,0.04395604395604396,0.35525519032003927,0.39372895796742746
Orissa,Kendrapara,Stable Low-Activity,239,0.07531380753138076,0.5044313881790248,0.3858362258297396
Orissa,Kendujhar,Stable Low-Activity,373,0.032171581769437,0.7611185182679797,0.4112241267690394
Orissa,Khorda,Stable Low-Activity,5,0.0,0.0,0.4000026830511658
Orissa,Khordha,Stable Low-Activity,4048,0.050642292490118576,0.7148948430743753,0.4048528663497445
Orissa,Koraput,Stable Low-Activity,830,0.03734939759036145,0.6821984131440195,0.4069872425093057
Orissa,Malkangiri,Stable Low-Activity,218,0.06880733944954129,0.67326113909429,0.39371358475882845
Orissa,Mayurbhanj,Stable Low-Activity,50,0.12,0.0,0.3520328673767809
Orissa,Nabarangapur,Stable Low-Activity,14,0.07142857142857142,0.0,0.37143729134486025
Orissa,Nayagarh,Stable Low-Activity,617,0.07617504051863858,0.608368588054676,0.389001277371437
Orissa,Nuapada,Stable Low-Activity,2,0.0,0.0,0.40000067076279144
Orissa,Puri,Stable Low-Activity,2026,0.056762092793682134,0.8301258986763536,0.4046584580745794
Orissa,Rayagada,Stable Low-Activity,898,0.025612472160356347,0.8048605692126556,0.4155702096816608
Orissa,Sambalpur,Stable Low-Activity,242,0.045454545454545456,0.40527801317821543,0.39467580739219554
Orissa,Sonapur,Stable Low-Activity,104,0.09615384615384616,0.6661481527789695,0.38247568962546985
Orissa,Subarnapur,Stable Low-Activity,51,0.0784313725490196,0.5138648587750331,0.3847586147342445
Orissa,Sundargarh,Stable Low-Activity,636,0.029874213836477988,0.5109435497632032,0.4044823598488105
Orissa,Sundergarh,Stable Low-Activity,1,0.0,,
Pondicherry,Karaikal,Stable Low-Activity,904,0.03761061946902655,0.6138420467274932,0.40479101942153417
Pondicherry,Pondicherry,Stable Low-Activity,6327,0.09040619566935357,0.8032968519532738,0.39324530556811005
Pondicherry,Yanam,Stable Low-Activity,228,0.0043859649122807015,0.67109639402259,0.4194210281545888
Puducherry,Karaikal,Youth-Heavy,5418,0.2467700258397933,2.484768778953028,0.3827648051666445
Puducherry,Pondicherry,Youth-Heavy,27,0.2222222222222222,0.0,0.31112855094368874
Puducherry,Puducherry,High Stress Urban,19774,0.13836350763629007,3.288172945788187,0.4609247833068196
Puducherry,Yanam,Stable Low-Activity,85,0.11764705882352941,0.43445296858787086,0.36660744369103426
Punjab,Amritsar,High Stress Urban,99075,0.06458743376230129,9.50692823602528,0.7384396718559447
Punjab,Barnala,High Stress Urban,13504,0.05013329383886256,3.721817618926261,0.5055957881420228
Punjab,Bathinda,High Stress Urban,37420,0.05462319615179049,4.784065035677322,0.5531183626300106
Punjab,Faridkot,High Stress Urban,14722,0.056106507268034234,4.979786456431662,0.5434313459481356
Punjab,Fatehgarh Sahib,High Stress Urban,15346,0.06073243842043529,5.297912694529635,0.5519653346637893
Punjab,Fazilka,High Stress Urban,31662,0.06430421325247931,4.4022251297502395,0.5334219675006326
Punjab,Ferozepur,High Stress Urban,28195,0.06650115268664657,4.493605740700081,0.5330802986160871
Punjab,Firozpur,Stable Low-Activity,6524,0.02437155119558553,2.0642510521477697,0.4592926789110508
Punjab,Gurdaspur,High Stress Urban,71972,0.06734563441338298,5.486438147621889,0.5932085266852031
Punjab,Hoshiarpur,High Stress Urban,46549,0.06698317901566092,6.660046928416852,0.6130658489212124
Punjab,Jalandhar,High Stress Urban,51131,0.05857503275899161,4.572317831488352,0.554101142122303
Punjab,Kapurthala,Stable Low-Activity,13872,0.0555795847750865,2.00570182451452,0.4499040837484639
Punjab,Ludhiana,High Stress Urban,119703,0.0615189260085378,6.234752872662887,0.6509975255858221
Punjab,Malerkotla,High Stress Urban,15099,0.06868004503609511,5.848077998275156,0.565855407804267
Punjab,Mansa,High Stress Urban,23555,0.058076841434939505,4.006647077140125,0.5180829370703474
Punjab,Moga,High Stress Urban,24046,0.05422939366214755,5.247012004131261,0.558807644599371
Punjab,Muktsar,Stable Low-Activity,3551,0.028724303013235707,0.8905671011234764,0.4187899030553925
Punjab,Nawanshahr,Stable Low-Activity,2958,0.009127789046653144,0.7636644177270863,0.4222553199822895
Punjab,Pathankot,High Stress Urban,14496,0.08802428256070641,4.994027077815571,0.5309587533222792
Punjab,Patiala,High Stress Urban,89052,0.08298522211741455,5.955524854198391,0.6131041995895141
Punjab,Rupnagar,High Stress Urban,13705,0.07340386720175118,3.6992868768373737,0.49571657115468537
Punjab,S.A.S Nagar(Mohali),Stable Low-Activity,2321,0.021542438604049977,0.8602095737143657,0.4198866132514402
Punjab,Sangrur,High Stress Urban,29915,0.04693297676750794,3.2913933179024113,0.5044000843482978
Punjab,Sas Nagar (Mohali),High Stress Urban,58072,0.07903981264637003,5.514660799859636,0.5800913715996404
Punjab,Shaheed Bhagat Singh Nagar,High Stress Urban,6344,0.08969104665825978,2.807432202450574,0.4563254628538537
Punjab,Sri Muktsar Sahib,High Stress Urban,21691,0.07118159605366281,4.048831327750955,0.5129122214353737
Punjab,Tarn Taran,High Stress Urban,27415,0.04216669706365129,5.1196615068514495,0.5619030682839088
Puttenahalli,5Th Cross,Stable Low-Activity,1,0.0,,
Raja Annamalai Puram,Near Dhyana Ashram,Stable Low-Activity,1,0.0,,
Rajasthan,Ajmer,High Stress Urban,124036,0.09935018865490663,6.207056967769595,0.6379038178836318
Rajasthan,Alwar,High Stress Urban,144744,0.1064707345382192,5.699403397935577,0.6330427082050318
Rajasthan,Balotra,Stable Low-Activity,503,0.05168986083499006,0.7887239642413348,0.4043687983566212
Rajasthan,Banswara,High Stress Urban,101294,0.04989436689241219,6.616012280767873,0.6552428281324064
Rajasthan,Baran,High Stress Urban,78758,0.08091876380812107,5.750659297752948,0.6006082146882159
Rajasthan,Barmer,High Stress Urban,111721,0.0887299612427386,5.364282406481192,0.6074902252649337
Rajasthan,Beawar,Stable Low-Activity,510,0.047058823529411764,1.2843294620454193,0.42175153100683027
Rajasthan,Bharatpur,High Stress Urban,105063,0.0950191789688092,5.1349126285191335,0.593323230146251
Rajasthan,Bhilwara,High Stress Urban,97739,0.07208995385669999,5.3410655778306095,0.6040403191645171
Rajasthan,Bikaner,High Stress Urban,81652,0.11039533630529565,5.56838842739392,0.5850488512675701
Rajasthan,Bundi,High Stress Urban,48701,0.08862241021744934,4.674131329957826,0.543641705667513
Rajasthan,Chittaurgarh,Stable Low-Activity,2065,0.041646489104116224,0.9694146065221103,0.4150942973373254
Rajasthan,Chittorgarh,High Stress Urban,61824,0.08752264492753623,5.434587898185706,0.5767065309869948
Rajasthan,Churu,High Stress Urban,76097,0.10572033063064247,5.097283164546602,0.5684346522701839
Rajasthan,Dausa,High Stress Urban,50267,0.12029761075854935,4.4338088625326835,0.5244935603807944
Rajasthan,Deeg,Stable Low-Activity,1299,0.09006928406466513,0.754277594344119,0.38847186948510204
Rajasthan,Dhaulpur,Stable Low-Activity,488,0.030737704918032786,0.7549537920149563,0.41168169547638434
Rajasthan,Dholpur,High Stress Urban,77555,0.11417703565211786,4.5715120031739325,0.5495593331257692
Rajasthan,Didwana-Kuchaman,Stable Low-Activity,720,0.09166666666666666,0.7278156948346739,0.38661558413026315
Rajasthan,Dungarpur,High Stress Urban,95308,0.045431653166575735,5.603146141008648,0.6212831012967515
Rajasthan,Ganganagar,High Stress Urban,69218,0.07986361928978011,5.36294204471595,0.5824853421790093
Rajasthan,Hanumangarh,High Stress Urban,77237,0.08930952781697891,4.759757221115922,0.5651901114750709
Rajasthan,Jaipur,High Stress Urban,275340,0.10730006537371976,4.975619911328797,0.6976362563028299
Rajasthan,Jaisalmer,High Stress Urban,21384,0.09839132061354283,5.863623678095598,0.5586736346095228
Rajasthan,Jalor,High Stress Urban,66690,0.06395261658419553,6.313405304791626,0.6169288127417248
Rajasthan,Jalore,Stable Low-Activity,1036,0.05501930501930502,0.7728818152605319,0.4028982569955995
Rajasthan,Jhalawar,High Stress Urban,81092,0.07683865239481083,5.393931371560135,0.5926307557686459
Rajasthan,Jhunjhunu,Stable Low-Activity,2742,0.05105762217359591,0.9079767020951816,0.40985931144916343
Rajasthan,Jhunjhunun,High Stress Urban,54652,0.10669325916709362,4.13379599343219,0.5234782204605744
Rajasthan,Jodhpur,High Stress Urban,139970,0.0820318639708509,5.255656685996397,0.6257149705791925
Rajasthan,Karauli,High Stress Urban,58446,0.12450809294049207,4.649153963580464,0.535041560660428
Rajasthan,Khairthal-Tijara,Stable Low-Activity,1057,0.06906338694418164,0.8096975620888791,0.39844802146809105
Rajasthan,Kota,High Stress Urban,93066,0.09751144349171556,4.402946093325935,0.5613491791698464
Rajasthan,Kotputli-Behror,Stable Low-Activity,529,0.09262759924385633,0.67972749478937,0.3845966568405654
Rajasthan,Nagaur,High Stress Urban,103427,0.10000290059655602,5.325387738623399,0.5961993062334955
Rajasthan,Pali,High Stress Urban,66337,0.0813723864510002,5.780430043666493,0.5930278364786102
Rajasthan,Phalodi,Stable Low-Activity,204,0.06862745098039216,0.8850988121978561,0.4004122980469206
Rajasthan,Pratapgarh,High Stress Urban,48556,0.07101079166323421,5.108375377384817,0.5641924708461609
Rajasthan,Rajsamand,High Stress Urban,47170,0.09800720797116812,5.8268403010388,0.5749712718169381
Rajasthan,Salumbar,Stable Low-Activity,213,0.09389671361502347,0.44464067815028446,0.37651258545102084
Rajasthan,Sawai Madhopur,High Stress Urban,45155,0.10224781308825158,4.883451351273383,0.5423702988347523
Rajasthan,Sikar,High Stress Urban,78337,0.1153222615111633,4.848907600189017,0.5583156330307402
Rajasthan,Sirohi,High Stress Urban,41293,0.09209793427457438,4.521524299841375,0.5325018298370768
Rajasthan,Tonk,High Stress Urban,56628,0.10551317369499187,4.99169413956421,0.5521506918346094
Rajasthan,Udaipur,High Stress Urban,127492,0.07012204687352933,5.188857572978872,0.6200165319376928
Sikkim,East,High Stress Urban,5867,0.06920061360149991,3.1431825418074446,0.4747195901351417
Sikkim,East Sikkim,High Stress Urban,3513,0.09934528892684315,2.9129474311692065,0.45387026712286915
Sikkim,Mangan,Stable Low-Activity,67,0.0,0.412311122906091,0.412960565319081
Sikkim,Namchi,Stable Low-Activity,282,0.02127659574468085,0.6570692226410202,0.41226157378761835
Sikkim,North,Stable Low-Activity,443,0.1038374717832957,1.091314092421163,0.3929486203048238
Sikkim,North Sikkim,Stable Low-Activity,446,0.13228699551569506,0.9170699110811922,0.3761123498289507
Sikkim,South,High Stress Urban,3739,0.04172238566461621,5.053219162052388,0.5441184019505363
Sikkim,South Sikkim,High Stress Urban,1409,0.09439318665720368,3.866343746320006,0.4843064635021499
Sikkim,West,High Stress Urban,2553,0.07598903251077165,3.253665068725868,0.47324235375511764
Sikkim,West Sikkim,High Stress Urban,2021,0.10192973775358734,2.929906240871214,0.452366970917381
Tamil Nadu,Ariyalur,Youth-Heavy,23351,0.19425292278703268,3.8977077772892335,0.46006297386271666
Tamil Nadu,Chengalpattu,High Stress Urban,21533,0.1045372219384201,2.6376585223325506,0.45525678099790995
Tamil Nadu,Chennai,High Stress Urban,148368,0.12082794133505877,3.0628625510592493,0.5471368774377273
Tamil Nadu,Coimbatore,High Stress Urban,117738,0.11318350914742904,3.0475516480861513,0.5291695478731039
Tamil Nadu,Cuddalore,High Stress Urban,81595,0.13748391445554262,3.090724270263084,0.4965584565295597
Tamil Nadu,Dharmapuri,Youth-Heavy,41380,0.17404543257612373,2.9944616018205914,0.45194354400007336
Tamil Nadu,Dindigul,High Stress Urban,57577,0.1477673376521875,3.1116761978113443,0.4769910586383886
Tamil Nadu,Erode,High Stress Urban,68409,0.11432706222865413,3.3664899008324145,0.505615311733215
Tamil Nadu,Kallakurichi,High Stress Urban,10790,0.1468952734012975,3.5606793136190884,0.4600226350274436
Tamil Nadu,Kancheepuram,High Stress Urban,141293,0.13936996171077123,4.167963843558531,0.5695934601481927
Tamil Nadu,Kanchipuram,Stable Low-Activity,8,0.0,0.0,0.40000469533954014
Tamil Nadu,Kanniyakumari,High Stress Urban,38678,0.16099591499043384,3.6927428339726873,0.47722570878579984
Tamil Nadu,Kanyakumari,Youth-Heavy,20696,0.19424043293390028,3.4092365329267253,0.4429849639238616
Tamil Nadu,Karur,High Stress Urban,27344,0.13129022820362785,3.105295425167213,0.463102843196483
Tamil Nadu,Krishnagiri,High Stress Urban,61909,0.1499297355796411,4.101421084905958,0.5100371604997301
Tamil Nadu,Madurai,High Stress Urban,106052,0.14266586202994758,3.4009731204259417,0.5206095567075009
Tamil Nadu,Mayiladuthurai,High Stress Urban,3602,0.13048306496390893,3.744719995304848,0.46753143952350634
Tamil Nadu,Nagapattinam,High Stress Urban,38029,0.10415735359856951,2.902176279380229,0.47476006647827745
Tamil Nadu,Namakkal,Youth-Heavy,45816,0.19663436354112102,2.774639891327225,0.43899721423791155
Tamil Nadu,Perambalur,Youth-Heavy,15661,0.21116148394099993,2.7497904831417985,0.4121810672731702
Tamil Nadu,Pudukkottai,High Stress Urban,52057,0.1411337572276543,3.4288113190811287,0.4858766370993348
Tamil Nadu,Ramanathapuram,High Stress Urban,38291,0.13467916742837743,3.112907008779305,0.46932855262315987
Tamil Nadu,Ranipet,Youth-Heavy,1390,0.1366906474820144,2.128087919691161,0.4129211345913833
Tamil Nadu,Salem,High Stress Urban,106371,0.14559419390623385,2.827512120626039,0.5016876287408256
Tamil Nadu,Sivaganga,High Stress Urban,34296,0.15719034289713085,3.4541415920718257,0.4683340955683772
Tamil Nadu,Tenkasi,Youth-Heavy,10020,0.18213572854291418,2.9038131148127886,0.42483259792150657
Tamil Nadu,Thanjavur,High Stress Urban,76835,0.15129823648077048,3.732714263370336,0.5079512439707882
Tamil Nadu,The Nilgiris,Youth-Heavy,15273,0.15844955149610424,3.286394669235799,0.44981555512627175
Tamil Nadu,Theni,High Stress Urban,38776,0.12683102950278521,2.9866230671466742,0.4688370844825974
Tamil Nadu,Thiruvallur,Stable Low-Activity,1823,0.05704882062534284,0.7859652971981285,0.4030242017374365
Tamil Nadu,Thiruvarur,High Stress Urban,37780,0.13343038644785601,2.63843757590406,0.4546218033462599
Tamil Nadu,Thoothukkudi,High Stress Urban,44695,0.15274639221389416,3.631395440424667,0.48263969393813144
Tamil Nadu,Tiruchirappalli,High Stress Urban,73681,0.15328239301855295,3.1525741951545467,0.4868681946326716
Tamil Nadu,Tirunelveli,Youth-Heavy,79890,0.18417824508699462,3.198778848298312,0.4801220534713186
Tamil Nadu,Tirupathur,Stable Low-Activity,93,0.10752688172043011,0.5296533714898267,0.37364318311759204
Tamil Nadu,Tirupattur,High Stress Urban,9352,0.12713857998289135,2.936219445886997,0.44739856713496134
Tamil Nadu,Tiruppur,High Stress Urban,85946,0.14630116584832337,3.8400491843335653,0.5194238273797449
Tamil Nadu,Tiruvallur,High Stress Urban,148408,0.12343674195461161,4.366779100267387,0.5869674261981855
Tamil Nadu,Tiruvannamalai,High Stress Urban,65218,0.14184734275813426,3.3851971559884433,0.49305282967017106
Tamil Nadu,Tiruvarur,Stable Low-Activity,2,0.0,0.0,0.40000067076279144
Tamil Nadu,Tuticorin,Stable Low-Activity,4,0.0,0.0,0.40000201228837434
Tamil Nadu,Vellore,High Stress Urban,89400,0.13305369127516778,3.2102879130128352,0.507311368712168
Tamil Nadu,Villupuram,Youth-Heavy,39568,0.25242620299231705,2.4200632193872194,0.4013818801222654
Tamil Nadu,Viluppuram,Stable Low-Activity,35788,0.0628422935062032,1.9365369661545704,0.45953273952764934
Tamil Nadu,Virudhunagar,High Stress Urban,57442,0.15251906270673027,4.417209899010797,0.5158977139681556
Telangana,Adilabad,High Stress Urban,46010,0.13938274288198219,5.4875709628392615,0.5470148269261645
Telangana,Bhadradri Kothagudem,Youth-Heavy,33729,0.16481366183403007,3.0165899275245094,0.45119745081608387
Telangana,Hanumakonda,High Stress Urban,18975,0.10086956521739131,2.9307418680177535,0.46418932963383086
Telangana,Hyderabad,High Stress Urban,216457,0.1475350762507103,4.263170718012434,0.6197271340030354
Telangana,Jagitial,High Stress Urban,16299,0.12055954353027794,2.359560463567851,0.4366252204449539
Telangana,Jangaon,Stable Low-Activity,802,0.11596009975062344,1.115843469905057,0.3891087943232348
Telangana,Jangoan,High Stress Urban,16900,0.09236686390532545,2.7414057173791404,0.46026732439943924
Telangana,Jayashankar Bhupalpally,High Stress Urban,16261,0.08486562942008487,2.9923412517230275,0.4707001513995379
Telangana,Jogulamba Gadwal,Youth-Heavy,33576,0.20380629020729094,3.8458406032581003,0.4614753555626254
Telangana,K.V. Rangareddy,High Stress Urban,197330,0.16023412557644554,3.6513962777572235,0.5826530369797951
Telangana,Kamareddy,High Stress Urban,24445,0.144855798731847,2.9065256878495633,0.4495052987329895
Telangana,Karimnagar,High Stress Urban,77995,0.12043079684595166,4.595057145259033,0.548090552916459
Telangana,Khammam,High Stress Urban,53808,0.15150163544454356,3.3963714714198936,0.48188776216642043
Telangana,Komaram Bheem,High Stress Urban,27458,0.13580741496103138,2.2911223618240966,0.43586718259173957
Telangana,Mahabubabad,High Stress Urban,23410,0.11161896625373773,2.5776754249869445,0.4518040400830918
Telangana,Mahabubnagar,Youth-Heavy,96426,0.23716632443531827,4.429598575369227,0.5085759207273391
Telangana,Mancherial,High Stress Urban,27123,0.11289311654315526,1.845005283015143,0.4308328766637663
Telangana,Medak,Youth-Heavy,54969,0.16243700995106333,2.3393103619788724,0.4451782647123973
Telangana,Medchal-Malkajgiri,High Stress Urban,85252,0.16166189649509688,4.121586447380904,0.5216336236976167
Telangana,Medchal?Malkajgiri,Youth-Heavy,350,0.2542857142857143,1.2444141314349122,0.337503042092593
Telangana,MedchalâMalkajgiri,Stable Low-Activity,1,0.0,,
Telangana,Medchal−Malkajgiri,Youth-Heavy,1677,0.2534287418008348,0.7751480550996481,0.32403543476272295
Telangana,Mulugu,High Stress Urban,11698,0.11266883227902205,2.6017409483947396,0.444282010263649
Telangana,Nagarkurnool,High Stress Urban,20170,0.13936539414972732,2.607210491025045,0.43945742991741205
Telangana,Nalgonda,High Stress Urban,77441,0.14014540101496623,3.6439942750961656,0.5100395671152612
Telangana,Narayanpet,Youth-Heavy,16732,0.14021037532871145,1.7705439552100768,0.41060345867497855
Telangana,Nirmal,High Stress Urban,33846,0.13351651598416356,1.660760455736864,0.4213212958861865
Telangana,Nizamabad,High Stress Urban,66975,0.1654348637551325,4.121963190076152,0.5078767073123235
Telangana,Peddapalli,Stable Low-Activity,9927,0.0925758033645613,1.9015205858233206,0.4291957957989272
Telangana,Rajanna Sircilla,High Stress Urban,11165,0.1277205553067622,2.08199896748815,0.421622068768043
Telangana,Rangareddy,High Stress Urban,5562,0.13196691837468535,2.7173498369756253,0.43606860576047285
Telangana,Sangareddy,High Stress Urban,37288,0.17262926410641494,5.578543598412593,0.5307156863855679
Telangana,Siddipet,High Stress Urban,35961,0.12419009482494925,2.3638752839799255,0.44849670647419526
Telangana,Suryapet,High Stress Urban,45789,0.09969643364126755,2.101412603157875,0.4566643710230938
Telangana,Vikarabad,High Stress Urban,60549,0.14654246973525575,3.1619305377853157,0.48104880913014436
Telangana,Wanaparthy,Youth-Heavy,25180,0.16548848292295473,2.450794798382781,0.42746874819559466
Telangana,Warangal,Youth-Heavy,29101,0.18817222775849626,2.5274490716057625,0.4234266269425807
Telangana,Warangal (Urban),Stable Low-Activity,121,0.09090909090909091,0.46427857127622146,0.3782611122722288
Telangana,Warangal Rural,Stable Low-Activity,17700,0.06112994350282486,2.09085730409927,0.4529192496706347
Telangana,Warangal Urban,High Stress Urban,15578,0.11689562203106946,6.437862302658563,0.5653663941418267
Telangana,Yadadri.,High Stress Urban,39872,0.08750501605136436,3.7402758087448684,0.5089120043943681
Tripura,Dhalai,High Stress Urban,15425,0.08648298217179903,2.6688440339221655,0.4593583930163972
Tripura,Dhalai  *,Stable Low-Activity,392,0.03571428571428571,0.996169360789175,0.41718312733724555
Tripura,Gomati,High Stress Urban,9761,0.1496772871632005,3.900640282087973,0.4688694271055884
Tripura,Khowai,High Stress Urban,3511,0.1463970378809456,2.9405600394397386,0.43591323443679403
Tripura,North Tripura,High Stress Urban,14931,0.07085928604915946,3.5513244231243095,0.492921602016696
Tripura,Sepahijala,High Stress Urban,15325,0.07138662316476346,4.129300226647379,0.5110809495906351
Tripura,South Tripura,High Stress Urban,30679,0.08266240751002314,3.5242997636505784,0.49791693587249414
Tripura,Unakoti,High Stress Urban,3643,0.13697502058742794,2.6701258840799054,0.4312988064153713
Tripura,West Tripura,High Stress Urban,44346,0.07398637983132639,3.349862892427478,0.5050901524294669
Uttar Pradesh,Agra,High Stress Urban,175953,0.10501099725494877,2.98035397715972,0.5693819357114941
Uttar Pradesh,Aligarh,High Stress Urban,186462,0.08467140757902414,6.684706671139872,0.700611497195058
Uttar Pradesh,Allahabad,High Stress Urban,186295,0.10087227247108081,2.763519839947479,0.571181783731155
Uttar Pradesh,Ambedkar Nagar,High Stress Urban,75756,0.10607740641005332,3.1864855752198764,0.5082043494313119
Uttar Pradesh,Amethi,High Stress Urban,76280,0.09546407970634505,3.4304879857752,0.5204449194286238
Uttar Pradesh,Amroha,High Stress Urban,90302,0.08058514761577816,3.590481509868464,0.5408139771265205
Uttar Pradesh,Auraiya,High Stress Urban,51799,0.10851560840942875,3.356680929308448,0.496491241820955
Uttar Pradesh,Ayodhya,High Stress Urban,15277,0.11461674412515546,4.333062322812435,0.5001398730120324
Uttar Pradesh,Azamgarh,High Stress Urban,159789,0.11147200370488582,2.9200083936841303,0.5540649029737046
Uttar Pradesh,Baghpat,High Stress Urban,54908,0.09484956654767976,3.622200458231937,0.5123608773019623
Uttar Pradesh,Baghpat *,Youth-Heavy,3,0.3333333333333333,0.0,0.2666680081922496
Uttar Pradesh,Bagpat,Youth-Heavy,10,0.2,0.0,0.3200060368651231
Uttar Pradesh,Bahraich,High Stress Urban,129697,0.08019460743116649,2.8817300005178477,0.5451921366401675
Uttar Pradesh,Ballia,High Stress Urban,104948,0.12204139192743073,2.913543429468346,0.5128493202579292
Uttar Pradesh,Balrampur,High Stress Urban,78076,0.06811312054920847,2.8091299800607286,0.5131249754097468
Uttar Pradesh,Banda,High Stress Urban,69435,0.07611435155181105,2.70018748759841,0.5007156266569001
Uttar Pradesh,Bara Banki,High Stress Urban,109967,0.07937835896223412,3.7236178377649485,0.5586579479329525
Uttar Pradesh,Barabanki,Stable Low-Activity,4960,0.03245967741935484,1.241181932859849,0.4292244195992952
Uttar Pradesh,Bareilly,High Stress Urban,241742,0.0886978679749485,3.2321079543700497,0.6279225903508638
Uttar Pradesh,Basti,High Stress Urban,84810,0.10569508312698975,3.217409731234459,0.5153991129254798
Uttar Pradesh,Bhadohi,High Stress Urban,11780,0.12419354838709677,5.082763481990745,0.5174490627975602
Uttar Pradesh,Bijnor,High Stress Urban,226859,0.07645718265530572,3.5892931280799543,0.6340252896920141
Uttar Pradesh,Budaun,High Stress Urban,171339,0.08402056741314003,4.194764069589764,0.6127265159677157
Uttar Pradesh,Bulandshahar,Stable Low-Activity,663,0.042232277526395176,0.9343002583326603,0.41281956030164657
Uttar Pradesh,Bulandshahr,High Stress Urban,174757,0.10695422787070046,5.404966558918302,0.6437572170544295
Uttar Pradesh,Chandauli,High Stress Urban,93603,0.10740040383321048,3.1422935050432703,0.5182618678366646
Uttar Pradesh,Chandauli *,Youth-Heavy,1,1.0,,
Uttar Pradesh,Chitrakoot,High Stress Urban,44546,0.08824585821398105,2.856309102460337,0.4840591642239959
Uttar Pradesh,Chitrakoot *,Stable Low-Activity,1,0.0,,
Uttar Pradesh,Deoria,High Stress Urban,109251,0.11370147641669184,3.2168537545695037,0.5285732521511068
Uttar Pradesh,Etah,High Stress Urban,61891,0.09985296731350277,2.6821193301423327,0.4855939323788002
Uttar Pradesh,Etawah,High Stress Urban,62080,0.10695876288659793,3.6537414209030405,0.5133159798133123
Uttar Pradesh,Faizabad,High Stress Urban,69979,0.09708626873776419,3.134631830034858,0.5063014076592578
Uttar Pradesh,Farrukhabad,High Stress Urban,70138,0.08965182925090535,2.550987683670838,0.4910982630950346
Uttar Pradesh,Fatehpur,High Stress Urban,107120,0.08798543689320389,3.9116393198863117,0.5591955239994622
Uttar Pradesh,Firozabad,High Stress Urban,139201,0.08347641180738644,8.177762769867424,0.7161609078412079
Uttar Pradesh,Gautam Buddha Nagar,High Stress Urban,153991,0.09930450480872259,5.537604694247801,0.6370431445368614
Uttar Pradesh,Ghaziabad,High Stress Urban,239761,0.08584381947022243,4.765604016545245,0.6757746068015156
Uttar Pradesh,Ghazipur,High Stress Urban,127840,0.12905193992490613,3.298775018572605,0.537468188831312
Uttar Pradesh,Gonda,High Stress Urban,125916,0.08724864195177738,3.3795915961582335,0.5554306669221166
Uttar Pradesh,Gorakhpur,High Stress Urban,158865,0.11380102602838889,3.0776055584768023,0.5574504884976352
Uttar Pradesh,Hamirpur,High Stress Urban,42440,0.07035815268614515,3.0596800771871093,0.4961725359211398
Uttar Pradesh,Hapur,High Stress Urban,44282,0.10202791201842736,5.358855608349399,0.5567654700680945
Uttar Pradesh,Hardoi,High Stress Urban,143951,0.08219463567463929,2.9046296025697536,0.5546705442543102
Uttar Pradesh,Hathras,High Stress Urban,60658,0.0985525404728148,3.544534504358373,0.5123035655178423
Uttar Pradesh,Jalaun,High Stress Urban,60673,0.07360770029502414,3.2153336042512692,0.511978826615188
Uttar Pradesh,Jaunpur,High Stress Urban,155741,0.12224141362903795,3.6615496592673233,0.5702718386842944
Uttar Pradesh,Jhansi,High Stress Urban,71841,0.07782464052560516,3.5383619396137433,0.5279025004861497
Uttar Pradesh,Jyotiba Phule Nagar,Stable Low-Activity,605,0.009917355371900827,0.8046026530687004,0.4216436432699347
Uttar Pradesh,Jyotiba Phule Nagar *,Stable Low-Activity,1,0.0,,
Uttar Pradesh,Kannauj,High Stress Urban,59687,0.1052658032737447,2.8280806581018614,0.48652290516934366
Uttar Pradesh,Kanpur Dehat,High Stress Urban,72089,0.10140243310352481,3.162325474920384,0.5068577984235847
Uttar Pradesh,Kanpur Nagar,High Stress Urban,170125,0.07974724467303454,4.883596010672694,0.6352002839313023
Uttar Pradesh,Kasganj,High Stress Urban,49707,0.08755306093709135,2.645314055569536,0.4811883379144499
Uttar Pradesh,Kaushambi,High Stress Urban,77012,0.11424193632161221,4.00169105411217,0.5313186104350326
Uttar Pradesh,Kheri,High Stress Urban,183098,0.06641252225584113,3.3975753523902994,0.6026840422145278
Uttar Pradesh,Kushinagar,High Stress Urban,167255,0.11183522166751368,4.2290905231099645,0.59993658921806
Uttar Pradesh,Kushinagar *,Stable Low-Activity,140,0.04285714285714286,0.8290676797236068,0.40892222905001063
Uttar Pradesh,Lalitpur,High Stress Urban,46802,0.0870048288534678,3.752060643696225,0.5141296439244929
Uttar Pradesh,Lucknow,High Stress Urban,209476,0.07532605167179056,4.332550631682101,0.6461015837993352
Uttar Pradesh,Maharajganj,High Stress Urban,108898,0.1075501845763926,3.6081515438739076,0.5430550088429567
Uttar Pradesh,Mahoba,High Stress Urban,32304,0.08150693412580486,2.764789274002058,0.47567625307170863
Uttar Pradesh,Mahrajganj,Youth-Heavy,44,0.1590909090909091,0.14903269358849078,0.3410611628938505
Uttar Pradesh,Mainpuri,High Stress Urban,69441,0.09435347993260465,3.824596114285406,0.5286478701281158
Uttar Pradesh,Mathura,High Stress Urban,109289,0.10346878459863298,3.7292529959746936,0.5487435307074371
Uttar Pradesh,Mau,High Stress Urban,87700,0.11393386545039909,2.950232435926168,0.5056723551040774
Uttar Pradesh,Meerut,High Stress Urban,167219,0.08078029410533492,4.560425816748865,0.6227140124353739
Uttar Pradesh,Mirzapur,High Stress Urban,87276,0.10034832027132316,4.022651088376334,0.5444173722146387
Uttar Pradesh,Moradabad,High Stress Urban,163505,0.08176508363658604,7.049354057641261,0.6977984787697091
Uttar Pradesh,Muzaffarnagar,High Stress Urban,135633,0.08863624634122964,3.6582721902985615,0.5701235355142571
Uttar Pradesh,Pilibhit,High Stress Urban,136263,0.08081430762569443,4.372915231668086,0.5960622098031063
Uttar Pradesh,Pratapgarh,High Stress Urban,104730,0.09903561539196028,3.303423474575855,0.5341190107359477
Uttar Pradesh,Prayagraj,High Stress Urban,29027,0.10752058428359804,3.9541084671341005,0.50032999926228
Uttar Pradesh,Rae Bareli,High Stress Urban,108253,0.0948795876326753,4.246590677447893,0.5676907164940119
Uttar Pradesh,Raebareli,Stable Low-Activity,14,0.07142857142857142,0.0,0.37143729134486025
Uttar Pradesh,Rampur,High Stress Urban,155518,0.0794120294756877,4.5622598634962985,0.6154701772659917
Uttar Pradesh,Saharanpur,High Stress Urban,167814,0.07983243352759603,5.585310772189522,0.6555983951047099
Uttar Pradesh,Sambhal,High Stress Urban,99589,0.0815049854903654,4.162828944864627,0.5646051003970578
Uttar Pradesh,Sant Kabir Nagar,High Stress Urban,79206,0.09701285256167462,3.638247863869631,0.5282964674459534
Uttar Pradesh,Sant Ravidas Nagar,High Stress Urban,49163,0.11978520432032219,2.6357533514606573,0.46763108149617993
Uttar Pradesh,Sant Ravidas Nagar Bhadohi,Stable Low-Activity,297,0.06734006734006734,0.5687353333452798,0.39107904845615693
Uttar Pradesh,Shahjahanpur,High Stress Urban,149472,0.0882907835581246,5.295837276574807,0.6308437110397519
Uttar Pradesh,Shamli,High Stress Urban,75614,0.09559076361520354,3.6618511562596465,0.5271953333674934
Uttar Pradesh,Shrawasti,High Stress Urban,62721,0.06927504344637363,4.047468412436893,0.5411535443436565
Uttar Pradesh,Siddharthnagar,High Stress Urban,93643,0.09919588223358927,2.9340053890986835,0.515045553874287
Uttar Pradesh,Sitapur,High Stress Urban,169322,0.0716386529807113,3.0160971425951413,0.5794027562743654
Uttar Pradesh,Sonbhadra,High Stress Urban,72077,0.09537022906058798,4.091439387915394,0.5383685867996126
Uttar Pradesh,Sultanpur,High Stress Urban,82621,0.11521283935077038,2.9250758300335438,0.5009658910456889
Uttar Pradesh,Unnao,High Stress Urban,124543,0.07339633700810162,4.5449164978125705,0.5965562685564396
Uttar Pradesh,Varanasi,High Stress Urban,159498,0.09513598916600835,3.317961633629871,0.5728706285062386
Uttarakhand,Almora,High Stress Urban,15786,0.11674901811731915,3.63129193582502,0.47764431959431813
Uttarakhand,Bageshwar,High Stress Urban,6928,0.13481524249422633,3.8525050132195333,0.47140606091437526
Uttarakhand,Chamoli,High Stress Urban,11790,0.1,4.091952830674846,0.49609448641860526
Uttarakhand,Champawat,High Stress Urban,12505,0.10971611355457817,3.532594883614909,0.47516486817377684
Uttarakhand,Dehradun,High Stress Urban,82622,0.09165839606884366,6.503007634935,0.6224726852001566
Uttarakhand,Garhwal,Stable Low-Activity,404,0.039603960396039604,0.9171065799466586,0.41315854054950607
Uttarakhand,Hardwar,Stable Low-Activity,1187,0.02695871946082561,0.6774793936759607,0.41123514536426753
Uttarakhand,Haridwar,High Stress Urban,68900,0.09838896952104499,3.8556563938190647,0.5276438037732707
Uttarakhand,Nainital,High Stress Urban,49100,0.12409368635437881,7.8575941195343795,0.6294478127771668
Uttarakhand,Pauri Garhwal,High Stress Urban,21130,0.1011831519167061,7.279016608374402,0.6017259399562089
Uttarakhand,Pithoragarh,High Stress Urban,14702,0.1046116174670113,3.351537349807539,0.4730084201988741
Uttarakhand,Rudraprayag,High Stress Urban,7834,0.1059484299208578,4.044803083500541,0.4895845367951174
Uttarakhand,Tehri Garhwal,High Stress Urban,25866,0.1049640454650893,4.1750777602332825,0.5061545445565635
Uttarakhand,Udham Singh Nagar,High Stress Urban,134862,0.11484332132105411,3.9053957868455242,0.5668650830877136
Uttarakhand,Uttarkashi,High Stress Urban,10021,0.13930745434587366,3.129591975421754,0.44903745658710076
Uttaranchal,Tehri Garhwal,Stable Low-Activity,2,0.0,0.0,0.40000067076279144
Uttaranchal,Udham Singh Nagar *,Stable Low-Activity,3,0.0,0.0,0.4000013415255829
West  Bengal,Hooghly,Stable Low-Activity,107,0.056074766355140186,0.5193542113687888,0.39391078253931766
West Bangal,Hooghly,Stable Low-Activity,93,0.010752688172043012,0.33812752559706155,0.40635301191918066
West Bangal,Howrah,Stable Low-Activity,51,0.058823529411764705,0.469497646587792,0.39121187922563017
West Bangal,South 24 Parganas,Stable Low-Activity,13,0.0,0.519191197839509,0.41627253072356124
West Bengal,Alipurduar,High Stress Urban,10834,0.1269152667528152,3.033243103115419,0.4515213816787997
West Bengal,Bally Jagachha,Stable Low-Activity,1,0.0,,
West Bengal,Bankura,High Stress Urban,145827,0.06474109732765537,2.4121920369756373,0.5474839286647761
West Bengal,Barddhaman,High Stress Urban,170401,0.05819801526986344,2.233019720531279,0.5609716314637184
West Bengal,Bardhaman,Stable Low-Activity,23249,0.013118843821239623,1.2185022576429718,0.4485178572033614
West Bengal,Birbhum,High Stress Urban,151363,0.07433785006903933,2.4767184937365925,0.5493799632156342
West Bengal,Cooch Behar,High Stress Urban,122859,0.08376268730821511,2.626351800059631,0.5311781045821359
West Bengal,Dakshin Dinajpur,High Stress Urban,84278,0.059303732884026676,2.821410364250815,0.521193503674597
West Bengal,Darjeeling,High Stress Urban,53637,0.05140108507187203,2.8893891212471154,0.5059312616801094
West Bengal,Darjiling,Stable Low-Activity,8271,0.007012453149558699,1.4159527169158876,0.4470991748400261
West Bengal,Domjur,Stable Low-Activity,2,0.0,0.0,0.40000067076279144
West Bengal,East Midnapore,Stable Low-Activity,25251,0.02586036196586274,1.1638218771719187,0.4430511680592508
West Bengal,East Midnapur,Stable Low-Activity,20,0.1,0.29104274978166106,0.36913011678213364
West Bengal,Haora,Stable Low-Activity,39895,0.008873292392530392,1.472459521675216,0.4693372062702179
West Bengal,Hawrah,Stable Low-Activity,32,0.0,0.2808777295624389,0.40881973067574434
West Bengal,Hooghiy,Stable Low-Activity,32,0.03125,0.42312699991088837,0.4007759129946375
West Bengal,Hooghly,High Stress Urban,181833,0.05167378858623022,2.406723586854934,0.5766910294218386
West Bengal,Howrah,High Stress Urban,107784,0.05933162621539375,3.2502846880496854,0.5503844598339765
West Bengal,Hugli,Stable Low-Activity,1264,0.012658227848101266,0.6836557180552569,0.41720047382809483
West Bengal,Jalpaiguri,High Stress Urban,187511,0.04535200601564708,2.0483531686998844,0.571801816093488
West Bengal,Jhargram,High Stress Urban,7258,0.1150454670708184,4.247934266411481,0.4919227666359505
West Bengal,Kalimpong,High Stress Urban,2381,0.08567828643427132,3.4231764178767494,0.47456149083824795
West Bengal,Koch Bihar,Stable Low-Activity,71087,0.006006724154908774,1.6160083129573488,0.4959031584138778
West Bengal,Kolkata,High Stress Urban,106499,0.03395337045418267,3.0612480201138537,0.5537519607515885
West Bengal,Malda,High Stress Urban,196468,0.08895596229411405,3.562746801912354,0.6078090203858824
West Bengal,Maldah,Stable Low-Activity,22566,0.025170610653195074,1.1142026665353255,0.4399716706067781
West Bengal,Medinipur,Stable Low-Activity,178,0.06179775280898876,0.38744238737967723,0.3875368665772323
West Bengal,Murshidabad,High Stress Urban,371953,0.08363959962683458,3.723257205528918,0.7326726149745056
West Bengal,Nadia,High Stress Urban,192343,0.04913617859760948,2.414936944968239,0.5850130867275503
West Bengal,Naihati Anandabazar,Stable Low-Activity,2,0.0,0.0,0.40000067076279144
West Bengal,North 24 Parganas,High Stress Urban,290477,0.05170805261690254,2.9057113404153934,0.6651832533977441
West Bengal,North Dinajpur,Stable Low-Activity,4901,0.01754743929810243,1.0780206821147873,0.4300384568191695
West Bengal,North Twenty Four Parganas,Stable Low-Activity,19735,0.01413731948315176,1.1466664722494873,0.4435030374299141
West Bengal,Paschim Bardhaman,High Stress Urban,16681,0.0839278220730172,3.8242722857409115,0.4974185439563179
West Bengal,Paschim Medinipur,High Stress Urban,214180,0.06837706601923615,2.232756254483419,0.5862570819220118
West Bengal,Purba Bardhaman,High Stress Urban,24451,0.10077297452046952,4.617260385635075,0.5207339103980069
West Bengal,Purba Medinipur,High Stress Urban,103429,0.09533109669435072,3.0409409472016438,0.5265054774599217
West Bengal,Purulia,Stable Low-Activity,7309,0.05267478451224518,1.031578863191168,0.4161478524499883
West Bengal,Puruliya,High Stress Urban,155038,0.0796127401024265,2.094849587676198,0.5377724158500641
West Bengal,South  Twenty Four Parganas,Stable Low-Activity,5,0.0,0.0,0.4000026830511658
West Bengal,South 24 Pargana,Stable Low-Activity,29,0.06896551724137931,0.4308209648514494,0.38592871937312084
West Bengal,South 24 Parganas,High Stress Urban,401187,0.06911490152971059,3.7152987568600744,0.7578422627259587
West Bengal,South Dinajpur,Stable Low-Activity,6819,0.011585276433494647,1.4132827194507818,0.44421245607963417
West Bengal,South Dumdum(M),Stable Low-Activity,8,0.0,0.387298334330268,0.4121374253377445
West Bengal,South Twenty Four Parganas,Stable Low-Activity,42066,0.01935054438263681,1.8420211493509924,0.47817963123597995
West Bengal,Uttar Dinajpur,High Stress Urban,270232,0.06504411024601084,3.429997611255353,0.6626933303856066
West Bengal,West Medinipur,Stable Low-Activity,12,0.0,0.5270462762555247,0.4165179326574186
West Bengal,West Midnapore,Stable Low-Activity,30680,0.014830508474576272,1.5571786055010963,0.46342719937772
West Bengli,Hooghly,Stable Low-Activity,3,0.0,0.0,0.4000013415255829
Westbengal,Hooghly,Stable Low-Activity,144,0.0,0.34959427191400494,0.41104750996940387
Westbengal,Howrah,Stable Low-Activity,8,0.0,0.3307189135936948,0.41036498591726855
