state,district,total_enrollments,avg_monthly_enrollment,enrollment_volatility,min_monthly,max_monthly,age_0_5_mean,age_5_17_mean,age_18_greater_mean,slope,r_squared,trend,cluster
100000,100000,214,53.5,91.14,1,190,0.0,0.25,53.25,54.4,0.594,Strong Growth,0
Andaman & Nicobar Islands,Andamans,73,18.25,6.75,12,27,17.0,1.25,0.0,-2.3,0.193,Moderate Decline,3
Andaman & Nicobar Islands,Nicobars,1,1.0,,1,1,1.0,0.0,0.0,,,,0
Andaman & Nicobar Islands,South Andaman,37,9.25,3.86,7,15,9.25,0.0,0.0,1.262,0.02,Moderate Growth,0
Andaman & Nicobar Islands,South Andaman,37,9.25,3.86,7,15,9.25,0.0,0.0,1.262,0.02,Moderate Growth,3
Andaman And Nicobar Islands,Nicobar,74,18.5,19.12,6,47,15.75,2.75,0.0,-12.2,0.678,Strong Decline,0
Andaman And Nicobar Islands,North And Middle Andaman,129,32.25,9.0,21,40,31.25,1.0,0.0,0.5,0.005,Moderate Growth,3
Andaman And Nicobar Islands,South Andaman,187,46.75,12.53,29,58,43.75,3.0,0.0,1.262,0.02,Moderate Growth,0
Andaman And Nicobar Islands,South Andaman,187,46.75,12.53,29,58,43.75,3.0,0.0,1.262,0.02,Moderate Growth,3
Andhra Pradesh,Adilabad,1395,348.75,227.23,106,654,278.75,69.75,0.25,-76.56,0.306,Strong Decline,0
Andhra Pradesh,Adilabad,1395,348.75,227.23,106,654,278.75,69.75,0.25,-76.56,0.306,Strong Decline,3
Andhra Pradesh,Alluri Sitharama Raju,1214,303.5,62.87,245,387,266.0,29.0,8.5,-37.8,0.602,Strong Decline,0
Andhra Pradesh,Anakapalli,524,131.0,39.64,79,171,126.25,2.75,2.0,1.4,0.002,Moderate Growth,0
Andhra Pradesh,Anantapur,4311,1077.75,334.97,640,1388,997.5,80.25,0.0,-195.9,0.57,Strong Decline,3
Andhra Pradesh,Ananthapur,1937,484.25,66.4,423,571,447.25,37.0,0.0,-30.7,0.356,Strong Decline,3
Andhra Pradesh,Ananthapuramu,3094,773.5,162.61,614,973,732.5,38.5,2.5,-91.4,0.527,Strong Decline,0
Andhra Pradesh,Annamayya,995,248.75,57.75,175,306,210.75,12.0,26.0,-11.3,0.064,Strong Decline,0
Andhra Pradesh,Bapatla,482,120.5,31.14,79,152,103.25,13.25,4.0,2.2,0.008,Moderate Growth,0
Andhra Pradesh,Chittoor,7944,1986.0,514.35,1476,2572,1815.75,159.5,10.75,-267.6,0.451,Strong Decline,3
Andhra Pradesh,Cuddapah,5762,1440.5,293.16,1182,1723,1339.25,100.75,0.5,-115.2,0.257,Strong Decline,3
Andhra Pradesh,Dr. B. R. Ambedkar Konaseema,651,162.75,50.77,103,220,151.0,7.5,4.25,-14.9,0.144,Strong Decline,0
Andhra Pradesh,East Godavari,7504,1876.0,528.92,1399,2503,1749.25,124.25,2.5,-234.8,0.328,Strong Decline,3
Andhra Pradesh,Eluru,608,152.0,45.66,104,199,136.75,11.25,4.0,-8.2,0.054,Strong Decline,0
Andhra Pradesh,Guntur,9480,2370.0,588.07,1654,2942,2134.75,226.75,8.5,-54.8,0.014,Strong Decline,3
Andhra Pradesh,Hyderabad,4708,1177.0,342.9,701,1491,930.75,246.0,0.25,69.273,0.014,Strong Growth,3
Andhra Pradesh,Hyderabad,4708,1177.0,342.9,701,1491,930.75,246.0,0.25,69.273,0.014,Strong Growth,1
Andhra Pradesh,K.V.Rangareddy,67,16.75,8.85,8,29,13.5,3.25,0.0,-6.5,0.9,Strong Decline,0
Andhra Pradesh,K.v. Rangareddy,16,4.0,2.94,1,7,3.25,0.75,0.0,110.4,0.017,Strong Growth,0
Andhra Pradesh,K.v. Rangareddy,16,4.0,2.94,1,7,3.25,0.75,0.0,110.4,0.017,Strong Growth,2
Andhra Pradesh,Kakinada,932,233.0,47.57,177,274,206.25,20.0,6.75,-8.6,0.054,Strong Decline,0
Andhra Pradesh,Karim Nagar,81,20.25,6.95,10,25,17.5,2.75,0.0,-4.5,0.699,Moderate Decline,0
Andhra Pradesh,Karimnagar,643,160.75,83.58,75,275,135.25,25.5,0.0,-58.821,0.034,Strong Decline,0
Andhra Pradesh,Karimnagar,643,160.75,83.58,75,275,135.25,25.5,0.0,-58.821,0.034,Strong Decline,3
Andhra Pradesh,Khammam,1106,276.5,145.23,107,459,211.75,64.75,0.0,-73.44,0.134,Strong Decline,0
Andhra Pradesh,Khammam,1106,276.5,145.23,107,459,211.75,64.75,0.0,-73.44,0.134,Strong Decline,0
Andhra Pradesh,Krishna,6568,1642.0,479.87,1209,2209,1500.5,133.25,8.25,-212.4,0.327,Strong Decline,3
Andhra Pradesh,Kurnool,11516,2879.0,528.71,2275,3481,2673.0,200.0,6.0,-314.6,0.59,Strong Decline,3
Andhra Pradesh,Mahabub Nagar,1471,367.75,226.82,123,672,262.5,105.25,0.0,-166.1,0.894,Strong Decline,0
Andhra Pradesh,Mahabubnagar,7,2.33,1.15,1,3,2.33,0.0,0.0,-89.75,0.015,Strong Decline,0
Andhra Pradesh,Mahabubnagar,7,2.33,1.15,1,3,2.33,0.0,0.0,-89.75,0.015,Strong Decline,2
Andhra Pradesh,Mahbubnagar,708,177.0,87.47,73,287,125.25,51.75,0.0,-64.8,0.915,Strong Decline,0
Andhra Pradesh,Medak,1376,344.0,162.18,154,550,288.0,55.75,0.25,-100.345,0.065,Strong Decline,0
Andhra Pradesh,Medak,1376,344.0,162.18,154,550,288.0,55.75,0.25,-100.345,0.065,Strong Decline,3
Andhra Pradesh,N. T. R,912,228.0,61.9,160,295,193.0,24.0,11.0,-20.0,0.174,Strong Decline,0
Andhra Pradesh,Nalgonda,1137,284.25,152.71,112,484,232.5,51.75,0.0,-88.917,0.063,Strong Decline,0
Andhra Pradesh,Nalgonda,1137,284.25,152.71,112,484,232.5,51.75,0.0,-88.917,0.063,Strong Decline,3
Andhra Pradesh,Nandyal,886,221.5,41.14,185,276,210.5,9.5,1.5,-5.4,0.029,Strong Decline,0
Andhra Pradesh,Nellore,5264,1316.0,382.14,997,1771,1131.0,184.5,0.5,-180.8,0.373,Strong Decline,3
Andhra Pradesh,Nizamabad,498,124.5,61.8,45,195,107.25,17.25,0.0,-71.476,0.035,Strong Decline,0
Andhra Pradesh,Nizamabad,498,124.5,61.8,45,195,107.25,17.25,0.0,-71.476,0.035,Strong Decline,3
Andhra Pradesh,Palnadu,830,207.5,57.16,152,284,182.75,18.5,6.25,-18.0,0.165,Strong Decline,0
Andhra Pradesh,Parvathipuram Manyam,489,122.25,36.97,96,177,112.25,8.0,2.0,-23.9,0.696,Strong Decline,0
Andhra Pradesh,Prakasam,7390,1478.0,891.16,237,2689,1240.8,225.2,12.0,123.1,0.048,Strong Growth,3
Andhra Pradesh,Rangareddi,1833,458.25,147.28,275,634,361.0,97.25,0.0,-104.3,0.836,Strong Decline,0
Andhra Pradesh,Spsr Nellore,2183,727.67,616.05,116,1348,389.0,237.67,101.0,301.5,0.24,Strong Growth,0
Andhra Pradesh,Sri Potti Sriramulu Nellore,1562,390.5,149.44,232,558,167.25,151.75,71.5,-81.2,0.492,Strong Decline,0
Andhra Pradesh,Sri Sathya Sai,901,225.25,34.51,187,263,211.0,9.5,4.75,-11.1,0.172,Strong Decline,0
Andhra Pradesh,Srikakulam,4176,1044.0,293.56,773,1397,1009.75,32.25,2.0,-153.4,0.455,Strong Decline,3
Andhra Pradesh,Tirupati,1683,420.75,173.74,215,617,196.5,168.0,56.25,-50.3,0.14,Strong Decline,0
Andhra Pradesh,Visakhapatanam,226,226.0,,226,226,186.0,28.0,12.0,,,,0
Andhra Pradesh,Visakhapatnam,7910,1977.5,459.55,1495,2551,1858.25,111.75,7.5,-178.8,0.252,Strong Decline,3
Andhra Pradesh,Vizianagaram,3745,936.25,277.32,711,1294,897.75,37.75,0.75,-140.7,0.429,Strong Decline,3
Andhra Pradesh,Warangal,1004,251.0,110.43,119,389,204.0,47.0,0.0,-53.536,0.155,Strong Decline,0
Andhra Pradesh,Warangal,1004,251.0,110.43,119,389,204.0,47.0,0.0,-53.536,0.155,Strong Decline,3
Andhra Pradesh,West Godavari,5752,1438.0,455.21,1027,2005,1349.0,83.5,5.5,-209.0,0.351,Strong Decline,3
Andhra Pradesh,Y. S. R,787,196.75,58.14,137,251,176.0,13.0,7.75,-17.7,0.154,Strong Decline,0
Andhra Pradesh,chittoor,4,1.33,0.58,1,2,1.33,0.0,0.0,-0.0,0.0,Moderate Decline,0
Andhra Pradesh,rangareddi,1,1.0,,1,1,1.0,0.0,0.0,,,,0
Arunachal Pradesh,Anjaw,36,9.0,8.49,3,21,5.5,2.75,0.75,-4.8,0.533,Moderate Decline,0
Arunachal Pradesh,Changlang,790,197.5,163.1,58,429,119.25,75.0,3.25,-118.4,0.878,Strong Decline,3
Arunachal Pradesh,Dibang Valley,10,2.5,1.73,1,4,1.75,0.75,0.0,-1.2,0.8,Moderate Decline,0
Arunachal Pradesh,East Kameng,179,44.75,23.26,20,76,21.75,19.5,3.5,-16.3,0.819,Strong Decline,0
Arunachal Pradesh,East Siang,165,41.25,18.21,16,56,19.75,21.0,0.5,-10.7,0.575,Strong Decline,0
Arunachal Pradesh,Kamle,30,7.5,8.74,1,20,0.75,6.25,0.5,-4.8,0.503,Moderate Decline,0
Arunachal Pradesh,Kra Daadi,80,20.0,10.55,9,34,4.5,14.5,1.0,-8.0,0.958,Strong Decline,0
Arunachal Pradesh,Kurung Kumey,73,18.25,10.14,4,26,4.75,10.5,3.0,-5.9,0.564,Strong Decline,0
Arunachal Pradesh,Leparada,3,1.0,0.0,1,1,0.0,0.67,0.33,0.0,0.0,Stable,0
Arunachal Pradesh,Lohit,157,39.25,8.81,29,48,24.5,14.5,0.25,-1.5,0.048,Moderate Decline,0
Arunachal Pradesh,Longding,878,175.6,176.8,10,401,27.8,140.6,7.2,-104.0,0.865,Strong Decline,0
Arunachal Pradesh,Lower Dibang Valley,103,25.75,12.26,14,43,13.25,12.0,0.5,-8.7,0.84,Strong Decline,0
Arunachal Pradesh,Lower Siang,31,7.75,6.24,1,14,2.5,4.5,0.75,-2.3,0.227,Moderate Decline,0
Arunachal Pradesh,Lower Subansiri,105,26.25,13.77,11,44,12.5,13.75,0.0,-9.3,0.76,Strong Decline,0
Arunachal Pradesh,Namsai,148,37.0,16.43,25,61,23.25,13.5,0.25,-10.8,0.72,Strong Decline,0
Arunachal Pradesh,Pakke Kessang,4,1.33,0.58,1,2,0.67,0.33,0.33,-0.5,0.75,Moderate Decline,0
Arunachal Pradesh,Papum Pare,434,108.5,47.25,45,159,49.25,58.0,1.25,-35.0,0.914,Strong Decline,0
Arunachal Pradesh,Shi-yomi,31,7.75,6.5,2,17,2.0,4.5,1.25,0.1,0.0,Moderate Growth,0
Arunachal Pradesh,Siang,102,25.5,32.76,2,74,9.75,14.75,1.0,-21.8,0.738,Strong Decline,0
Arunachal Pradesh,Tawang,153,38.25,22.25,18,70,26.0,10.5,1.75,-15.5,0.809,Strong Decline,0
Arunachal Pradesh,Tirap,89,22.25,8.66,10,30,13.25,8.75,0.25,-4.1,0.374,Moderate Decline,0
Arunachal Pradesh,Upper Siang,41,10.25,4.86,4,15,5.25,4.75,0.25,-3.7,0.967,Moderate Decline,0
Arunachal Pradesh,Upper Subansiri,139,34.75,15.17,20,56,18.5,13.25,3.0,-10.7,0.829,Strong Decline,0
Arunachal Pradesh,West Kameng,273,54.6,27.33,20,83,31.0,20.0,3.6,-16.6,0.922,Strong Decline,0
Arunachal Pradesh,West Siang,186,46.5,23.73,24,80,26.5,19.5,0.5,-16.8,0.836,Strong Decline,0
Assam,Bajali,26,6.5,3.7,4,12,4.5,1.75,0.25,-2.0,0.488,Moderate Decline,0
Assam,Baksa,3584,398.22,348.52,38,1078,226.22,128.78,43.22,19.0,0.022,Strong Growth,0
Assam,Barpeta,14033,1559.22,1538.98,68,4389,1141.89,358.89,58.44,226.5,0.162,Strong Growth,1
Assam,Biswanath,1272,254.4,67.83,178,337,149.4,89.8,15.2,-17.4,0.164,Strong Decline,0
Assam,Bongaigaon,3103,344.78,251.34,61,901,253.22,68.44,23.11,43.967,0.229,Strong Growth,0
Assam,Cachar,17211,2458.71,1683.34,995,5873,1612.0,630.43,216.29,-219.893,0.08,Strong Decline,1
Assam,Charaideo,1182,197.0,98.45,50,305,108.83,55.83,32.33,-12.8,0.059,Strong Decline,0
Assam,Chirang,3286,469.43,407.94,56,1309,281.14,150.57,37.71,-30.429,0.026,Strong Decline,0
Assam,Darrang,7441,930.12,614.86,98,1784,538.5,234.62,157.0,94.417,0.141,Strong Growth,0
Assam,Dhemaji,6803,755.89,710.91,85,2538,423.78,203.67,128.44,60.533,0.054,Strong Growth,0
Assam,Dhubri,12362,1545.25,1060.23,416,3829,1028.25,471.75,45.25,146.167,0.114,Strong Growth,1
Assam,Dibrugarh,6886,765.11,700.32,36,2484,420.89,181.56,162.67,50.067,0.038,Strong Growth,0
Assam,Dima Hasao,248,41.33,58.24,3,148,19.83,17.0,4.5,-22.114,0.505,Strong Decline,0
Assam,Goalpara,9714,1214.25,890.63,80,2898,842.62,272.5,99.12,-1.857,0.0,Moderate Decline,0
Assam,Golaghat,11329,1416.12,933.88,521,3469,682.62,498.62,234.88,-160.417,0.177,Strong Decline,1
Assam,Hailakandi,5399,899.83,473.4,463,1764,616.33,233.33,50.17,-34.2,0.018,Strong Decline,0
Assam,Hojai,6940,867.5,666.95,89,2123,651.0,197.12,19.38,5.357,0.0,Strong Growth,0
Assam,Jorhat,4744,593.0,438.51,54,1371,350.0,137.38,105.62,52.143,0.085,Strong Growth,0
Assam,Kamrup,13412,1490.22,1137.42,46,3804,1014.33,366.89,109.0,70.721,0.034,Strong Growth,1
Assam,Kamrup,13412,1490.22,1137.42,46,3804,1014.33,366.89,109.0,70.721,0.034,Strong Growth,0
Assam,Kamrup Metro,5875,734.38,463.31,162,1397,322.12,248.5,163.75,81.821,0.187,Strong Growth,0
Assam,Karbi Anglong,7967,1327.83,661.38,476,2158,475.0,674.83,178.0,-318.543,0.812,Strong Decline,0
Assam,Karimganj,14599,1824.88,1203.85,627,4009,1148.12,602.62,74.12,155.845,0.101,Strong Growth,1
Assam,Kokrajhar,4520,502.22,143.56,287,766,273.22,172.0,57.0,12.117,0.053,Strong Growth,0
Assam,Lakhimpur,7084,787.11,444.23,101,1773,516.22,200.0,70.89,73.683,0.206,Strong Growth,0
Assam,Majuli,511,102.2,79.89,32,210,69.0,31.0,2.2,-44.9,0.79,Strong Decline,0
Assam,Marigaon,10282,1142.44,725.36,378,2506,731.78,320.56,90.11,59.917,0.051,Strong Growth,0
Assam,Nagaon,12589,1573.62,1357.7,56,4246,1097.88,427.25,48.5,251.56,0.206,Strong Growth,1
Assam,Nalbari,3736,622.67,437.26,181,1366,433.0,157.17,32.5,61.314,0.069,Strong Growth,0
Assam,North Cachar Hills,1043,173.83,123.24,70,408,82.0,69.0,22.83,-41.971,0.406,Strong Decline,0
Assam,Sibsagar,2674,445.67,206.4,142,616,251.67,83.67,110.33,-27.657,0.063,Strong Decline,0
Assam,Sivasagar,422,211.0,185.26,80,342,102.0,56.5,52.5,,,,0
Assam,Sonitpur,8924,991.56,780.17,81,2258,588.89,295.22,107.44,233.483,0.672,Strong Growth,0
Assam,South Salmara Mankachar,1437,287.4,128.88,122,480,207.4,70.8,9.2,-57.4,0.496,Strong Decline,0
Assam,Sribhumi,161,40.25,18.66,23,64,27.5,10.0,2.75,-1.3,0.008,Moderate Decline,0
Assam,Tamulpur District,54,13.5,2.65,10,16,5.5,8.0,0.0,-1.2,0.343,Moderate Decline,0
Assam,Tinsukia,8194,1024.25,659.93,355,2507,469.38,352.0,202.88,40.0,0.022,Strong Growth,0
Assam,Udalguri,4440,634.29,327.78,90,1130,367.0,184.14,83.14,11.179,0.005,Strong Growth,0
Assam,West Karbi Anglong,1872,234.0,150.26,50,483,48.5,122.5,63.0,-54.0,0.775,Strong Decline,0
Bihar,Araria,15127,2521.17,1452.73,288,4185,1607.67,892.83,20.67,303.286,0.153,Strong Growth,1
Bihar,Arwal,3749,624.83,286.74,209,1081,129.5,489.83,5.5,54.714,0.127,Strong Growth,0
Bihar,Aurangabad,9810,2452.5,553.68,1869,3125,718.5,1716.0,18.0,61.491,0.024,Strong Growth,1
Bihar,Aurangabad,9810,2452.5,553.68,1869,3125,718.5,1716.0,18.0,61.491,0.024,Strong Growth,1
Bihar,Aurangabad(BH),8,2.67,2.08,1,5,1.67,1.0,0.0,2.0,0.923,Moderate Growth,0
Bihar,Aurangabad(bh),103,25.75,9.71,17,38,10.75,15.0,0.0,-5.3,0.497,Strong Decline,0
Bihar,Banka,10693,1782.17,895.39,428,2796,990.83,778.17,13.17,295.057,0.38,Strong Growth,1
Bihar,Begusarai,12625,2525.0,1131.48,762,3863,1543.8,970.2,11.0,316.0,0.195,Strong Growth,1
Bihar,Bhabua,31,7.75,1.71,6,10,3.5,4.25,0.0,-1.1,0.691,Moderate Decline,0
Bihar,Bhagalpur,20596,2288.44,1404.99,71,3942,1132.89,1113.89,41.67,235.217,0.21,Strong Growth,1
Bihar,Bhojpur,12979,2595.8,1042.03,823,3503,608.6,1966.4,20.8,327.0,0.246,Strong Growth,1
Bihar,Buxar,6920,1730.0,522.45,1281,2484,601.75,1113.25,15.0,-367.6,0.825,Strong Decline,0
Bihar,Darbhanga,15167,3033.4,1746.32,448,5256,1926.6,1093.2,13.6,264.3,0.057,Strong Growth,1
Bihar,East Champaran,28779,4796.5,1286.47,3731,7262,1657.67,3006.83,132.0,-35.857,0.003,Strong Decline,1
Bihar,Gaya,26760,3345.0,1309.34,1862,5652,817.5,2473.25,54.25,375.571,0.494,Strong Growth,1
Bihar,Gopalganj,14848,2121.14,716.22,907,3056,742.14,1351.57,27.43,112.536,0.115,Strong Growth,1
Bihar,Jamui,10098,1442.57,625.91,550,2301,720.29,699.57,22.71,71.75,0.061,Strong Growth,0
Bihar,Jehanabad,4710,785.0,388.85,256,1298,148.0,613.83,23.17,102.171,0.242,Strong Growth,0
Bihar,Kaimur (Bhabua),7622,952.75,516.28,357,2125,365.5,576.75,10.5,69.333,0.108,Strong Growth,0
Bihar,Katihar,15747,2624.5,1750.56,495,5361,1812.83,792.83,18.83,414.486,0.196,Strong Growth,1
Bihar,Khagaria,7887,1971.75,705.02,1495,3007,1041.75,913.25,16.75,-347.7,0.405,Strong Decline,1
Bihar,Kishanganj,8230,2057.5,760.34,1321,3035,1631.75,420.0,5.75,-578.6,0.965,Strong Decline,3
Bihar,Lakhisarai,6031,1005.17,379.61,546,1608,433.17,560.67,11.33,-56.714,0.078,Strong Decline,0
Bihar,Madhepura,8634,2158.5,510.29,1729,2868,1092.75,1056.25,9.5,-218.0,0.304,Strong Decline,1
Bihar,Madhubani,25390,2821.11,1663.02,330,5101,1369.33,1363.89,87.89,520.817,0.736,Strong Growth,1
Bihar,Monghyr,49,12.25,6.24,6,19,7.25,5.0,0.0,-1.9,0.155,Moderate Decline,0
Bihar,Munger,5916,845.14,399.0,406,1615,338.29,492.29,14.57,88.071,0.227,Strong Growth,0
Bihar,Muzaffarpur,28298,3144.22,1559.25,74,5444,1531.89,1539.33,73.0,290.9,0.261,Strong Growth,1
Bihar,Nalanda,14113,2352.17,735.85,1497,3687,587.83,1742.0,22.33,71.514,0.033,Strong Growth,1
Bihar,Nawada,15048,3009.6,1075.48,1859,4456,532.2,2419.8,57.6,-594.7,0.764,Strong Decline,1
Bihar,Pashchim Champaran,16358,2336.86,4022.87,9,9642,722.86,1533.71,80.29,-818.571,0.193,Strong Decline,1
Bihar,Patna,24061,2673.44,1934.84,80,6425,728.78,1862.0,82.67,410.483,0.338,Strong Growth,1
Bihar,Purba Champaran,121,30.25,11.15,20,46,14.25,16.0,0.0,-7.5,0.755,Strong Decline,0
Bihar,Purbi Champaran,14871,4957.0,4142.35,336,8337,1333.33,3357.0,266.67,4000.5,0.933,Strong Growth,1
Bihar,Purnea,255,63.75,27.62,38,99,41.75,22.0,0.0,-15.7,0.538,Strong Decline,0
Bihar,Purnia,19593,2799.0,1609.11,814,5375,1687.29,1085.57,26.14,423.964,0.324,Strong Growth,1
Bihar,Rohtas,7673,1918.25,534.48,1394,2658,655.75,1243.5,19.0,-227.9,0.303,Strong Decline,0
Bihar,Saharsa,12590,1798.57,992.41,642,3524,864.86,905.0,28.71,276.75,0.363,Strong Growth,1
Bihar,Samastipur,18501,3700.2,1656.85,1014,5505,2167.6,1506.4,26.2,486.7,0.216,Strong Growth,1
Bihar,Samstipur,78,19.5,10.08,8,31,9.75,9.75,0.0,-3.2,0.168,Moderate Decline,0
Bihar,Saran,23658,3379.71,2149.75,327,6369,1057.29,2291.43,31.0,722.75,0.527,Strong Growth,1
Bihar,Sheikhpura,3046,761.5,322.14,496,1227,295.0,461.75,4.75,-228.4,0.838,Strong Decline,0
Bihar,Sheikpura,27,6.75,3.5,3,11,2.75,4.0,0.0,-1.3,0.23,Moderate Decline,0
Bihar,Sheohar,3030,757.5,132.13,591,887,475.0,279.75,2.75,27.8,0.074,Strong Growth,0
Bihar,Sitamarhi,41652,4628.0,2267.49,1335,9117,2262.0,2066.67,299.33,-42.533,0.003,Strong Decline,1
Bihar,Siwan,14874,2124.86,1548.01,504,4297,851.57,1254.0,19.29,468.821,0.428,Strong Growth,1
Bihar,Supaul,10036,2509.0,368.01,2027,2905,1368.25,1102.0,38.75,-225.6,0.626,Strong Decline,1
Bihar,Vaishali,17448,3489.6,1977.54,497,5984,1594.4,1884.8,10.4,317.3,0.064,Strong Growth,1
Bihar,West Champaran,29913,4985.5,1213.67,3795,6709,1895.5,2962.0,128.0,-515.743,0.632,Strong Decline,1
Chandigarh,Chandigarh,2617,523.4,272.2,117,855,474.8,42.0,6.6,61.4,0.127,Strong Growth,3
Chandigarh,Rupnagar,3,1.5,0.71,1,2,1.5,0.0,0.0,14.143,0.019,Strong Growth,0
Chandigarh,Rupnagar,3,1.5,0.71,1,2,1.5,0.0,0.0,14.143,0.019,Strong Growth,0
Chhattisgarh,Balod,1596,399.0,102.73,302,533,381.75,16.25,1.0,-46.4,0.34,Strong Decline,0
Chhattisgarh,Baloda Bazar,4705,941.0,344.76,544,1409,827.4,107.0,6.6,22.0,0.01,Strong Growth,3
Chhattisgarh,Balrampur,6016,1203.2,598.02,647,1988,890.8,298.6,13.8,-6.066,0.001,Strong Decline,3
Chhattisgarh,Balrampur,6016,1203.2,598.02,647,1988,890.8,298.6,13.8,-6.066,0.001,Strong Decline,0
Chhattisgarh,Bastar,6501,1625.25,612.86,882,2369,1187.75,436.0,1.5,338.7,0.509,Strong Growth,3
Chhattisgarh,Bemetara,2677,669.25,162.16,503,859,592.0,74.5,2.75,-16.3,0.017,Strong Decline,0
Chhattisgarh,Bijapur,6616,735.11,347.86,160,1391,394.0,191.67,149.44,29.555,0.078,Strong Growth,0
Chhattisgarh,Bijapur,6616,735.11,347.86,160,1391,394.0,191.67,149.44,29.555,0.078,Strong Growth,3
Chhattisgarh,Bilaspur,8708,1741.6,527.88,1168,2578,1459.4,278.4,3.8,-152.367,0.227,Strong Decline,3
Chhattisgarh,Bilaspur,8708,1741.6,527.88,1168,2578,1459.4,278.4,3.8,-152.367,0.227,Strong Decline,0
Chhattisgarh,Dakshin Bastar Dantewada,1172,293.0,216.17,117,581,246.75,40.25,6.0,106.4,0.404,Strong Growth,0
Chhattisgarh,Dantewada,696,174.0,169.59,45,419,143.25,30.75,0.0,60.2,0.21,Strong Growth,0
Chhattisgarh,Dhamtari,1920,480.0,150.44,347,642,458.0,21.25,0.75,-66.8,0.329,Strong Decline,3
Chhattisgarh,Durg,3913,652.17,287.89,384,1120,560.83,83.67,7.67,50.714,0.109,Strong Growth,0
Chhattisgarh,Gariyaband,1486,371.5,121.33,270,523,315.25,54.75,1.5,-59.2,0.397,Strong Decline,0
Chhattisgarh,Gaurela-pendra-marwahi,132,33.0,12.14,20,49,27.5,4.25,1.25,-9.2,0.957,Strong Decline,0
Chhattisgarh,Gaurella Pendra Marwahi,983,491.5,197.28,352,631,311.5,145.0,35.0,,,,0
Chhattisgarh,Janjgir - Champa,33,8.25,4.92,2,14,8.0,0.25,0.0,-0.9,0.056,Moderate Decline,0
Chhattisgarh,Janjgir Champa,24,6.0,2.83,4,10,5.25,0.75,0.0,-1.6,0.533,Moderate Decline,0
Chhattisgarh,Janjgir-champa,4475,1118.75,355.01,819,1603,979.5,139.0,0.25,-208.1,0.573,Strong Decline,3
Chhattisgarh,Jashpur,2386,596.5,147.15,408,743,395.5,200.75,0.25,-2.2,0.0,Moderate Decline,3
Chhattisgarh,Kabeerdham,917,229.25,55.3,177,301,205.5,23.0,0.75,-24.9,0.338,Strong Decline,0
Chhattisgarh,Kanker,1632,408.0,114.99,295,566,340.5,67.0,0.5,-49.4,0.308,Strong Decline,0
Chhattisgarh,Kawardha,2028,507.0,117.34,389,659,445.75,61.0,0.25,-72.4,0.635,Strong Decline,3
Chhattisgarh,Khairagarh Chhuikhadan Gandai,233,58.25,20.11,42,86,43.25,15.0,0.0,-0.1,0.0,Moderate Decline,0
Chhattisgarh,Kondagaon,2959,739.75,131.21,563,880,479.5,258.0,2.25,-18.3,0.032,Strong Decline,3
Chhattisgarh,Korba,3465,866.25,286.15,565,1250,741.75,121.25,3.25,-214.7,0.938,Strong Decline,3
Chhattisgarh,Koriya,1684,421.0,108.95,329,579,301.0,119.75,0.25,-75.2,0.794,Strong Decline,0
Chhattisgarh,Mahasamund,3175,793.75,309.79,462,1194,655.0,133.25,5.5,-202.1,0.709,Strong Decline,3
Chhattisgarh,Manendragarh–Chirmiri–Bharatpur,288,72.0,17.83,51,93,46.75,25.25,0.0,-11.4,0.681,Strong Decline,0
Chhattisgarh,Mohalla-Manpur-Ambagarh Chowki,13,4.33,4.93,1,10,3.0,1.33,0.0,0.5,0.01,Moderate Growth,0
Chhattisgarh,Mohla-Manpur-Ambagarh Chouki,253,63.25,21.78,38,86,39.75,22.5,1.0,-12.1,0.515,Strong Decline,0
Chhattisgarh,Mungeli,2790,697.5,174.35,501,914,614.0,83.0,0.5,-113.4,0.705,Strong Decline,3
Chhattisgarh,Narayanpur,729,182.25,51.55,133,242,105.5,75.75,1.0,-21.3,0.285,Strong Decline,0
Chhattisgarh,Raigarh,4851,970.2,479.75,507,1522,840.0,123.0,7.2,-100.783,0.359,Strong Decline,3
Chhattisgarh,Raigarh,4851,970.2,479.75,507,1522,840.0,123.0,7.2,-100.783,0.359,Strong Decline,3
Chhattisgarh,Raipur,6820,1136.67,862.49,100,2150,1000.5,127.17,9.0,250.629,0.296,Strong Growth,3
Chhattisgarh,Rajnandgaon,4006,1001.5,304.04,734,1327,907.25,88.5,5.75,-73.6,0.098,Strong Decline,3
Chhattisgarh,Sakti,452,113.0,49.09,74,177,92.5,20.0,0.5,-25.4,0.446,Strong Decline,0
Chhattisgarh,Sarangarh-Bilaigarh,179,44.75,20.16,29,72,38.25,5.75,0.75,14.7,0.887,Strong Growth,0
Chhattisgarh,Sukma,2152,307.43,77.58,199,403,176.71,113.71,17.0,-3.857,0.012,Moderate Decline,0
Chhattisgarh,Surajpur,2831,707.75,206.81,524,1002,536.5,169.5,1.75,-98.1,0.375,Strong Decline,3
Chhattisgarh,Surguja,3438,859.5,339.21,608,1353,694.0,164.0,1.5,-184.8,0.495,Strong Decline,3
Chhattisgarh,Uttar Bastar Kanker,839,209.75,38.79,159,253,168.25,39.5,2.0,-5.5,0.034,Strong Decline,0
Dadra & Nagar Haveli,Dadra & Nagar Haveli,25,6.25,4.03,2,11,5.5,0.75,0.0,-2.3,0.543,Moderate Decline,3
Dadra And Nagar Haveli,Dadra and Nagar Haveli,738,184.5,119.04,107,359,166.0,17.5,1.0,-25.726,0.29,Strong Decline,3
Dadra And Nagar Haveli,Dadra and Nagar Haveli,738,184.5,119.04,107,359,166.0,17.5,1.0,-25.726,0.29,Strong Decline,3
Dadra And Nagar Haveli And Daman And Diu,Dadra and Nagar Haveli,87,21.75,12.26,10,39,17.25,2.5,2.0,-25.726,0.29,Strong Decline,3
Dadra And Nagar Haveli And Daman And Diu,Dadra and Nagar Haveli,87,21.75,12.26,10,39,17.25,2.5,2.0,-25.726,0.29,Strong Decline,3
Dadra And Nagar Haveli And Daman And Diu,Daman,61,15.25,8.66,4,23,12.25,1.25,1.75,-0.224,0.01,Moderate Decline,0
Dadra And Nagar Haveli And Daman And Diu,Daman,61,15.25,8.66,4,23,12.25,1.25,1.75,-0.224,0.01,Moderate Decline,0
Dadra And Nagar Haveli And Daman And Diu,Daman,61,15.25,8.66,4,23,12.25,1.25,1.75,-0.224,0.01,Moderate Decline,3
Dadra And Nagar Haveli And Daman And Diu,Diu,21,7.0,2.65,5,10,4.0,1.67,1.33,0.109,0.004,Moderate Growth,0
Dadra And Nagar Haveli And Daman And Diu,Diu,21,7.0,2.65,5,10,4.0,1.67,1.33,0.109,0.004,Moderate Growth,3
Dadra And Nagar Haveli And Daman And Diu,Diu,21,7.0,2.65,5,10,4.0,1.67,1.33,0.109,0.004,Moderate Growth,3
Daman & Diu,Daman,9,2.25,0.96,1,3,2.0,0.25,0.0,-0.224,0.01,Moderate Decline,0
Daman & Diu,Daman,9,2.25,0.96,1,3,2.0,0.25,0.0,-0.224,0.01,Moderate Decline,0
Daman & Diu,Daman,9,2.25,0.96,1,3,2.0,0.25,0.0,-0.224,0.01,Moderate Decline,3
Daman & Diu,Diu,12,3.0,2.16,1,6,3.0,0.0,0.0,0.109,0.004,Moderate Growth,0
Daman & Diu,Diu,12,3.0,2.16,1,6,3.0,0.0,0.0,0.109,0.004,Moderate Growth,3
Daman & Diu,Diu,12,3.0,2.16,1,6,3.0,0.0,0.0,0.109,0.004,Moderate Growth,3
Daman And Diu,Daman,56,14.0,5.6,7,19,11.25,2.75,0.0,-0.224,0.01,Moderate Decline,0
Daman And Diu,Daman,56,14.0,5.6,7,19,11.25,2.75,0.0,-0.224,0.01,Moderate Decline,0
Daman And Diu,Daman,56,14.0,5.6,7,19,11.25,2.75,0.0,-0.224,0.01,Moderate Decline,3
Daman And Diu,Diu,57,14.25,2.5,11,17,13.75,0.5,0.0,0.109,0.004,Moderate Growth,0
Daman And Diu,Diu,57,14.25,2.5,11,17,13.75,0.5,0.0,0.109,0.004,Moderate Growth,3
Daman And Diu,Diu,57,14.25,2.5,11,17,13.75,0.5,0.0,0.109,0.004,Moderate Growth,3
Delhi,Central Delhi,3896,487.0,329.96,133,1152,340.25,123.25,23.5,38.595,0.082,Strong Growth,0
Delhi,East Delhi,10640,1330.0,448.61,912,2059,997.25,304.88,27.88,10.619,0.003,Strong Growth,0
Delhi,Najafgarh,30,7.5,5.92,2,14,5.25,2.25,0.0,-2.8,0.373,Moderate Decline,0
Delhi,New Delhi,1628,271.33,421.56,27,1091,152.33,82.83,36.17,-136.857,0.369,Strong Decline,0
Delhi,North Delhi,4294,715.67,182.99,488,901,503.17,199.5,13.0,-20.171,0.043,Strong Decline,0
Delhi,North East,1697,424.25,137.2,326,617,323.0,100.75,0.5,-77.1,0.526,Strong Decline,0
Delhi,North East Delhi,11862,1977.0,1286.34,962,4482,1352.0,614.33,10.67,-364.114,0.28,Strong Decline,1
Delhi,North West Delhi,15501,1722.33,1257.02,60,3880,1328.44,355.11,38.78,349.017,0.578,Strong Growth,1
Delhi,Shahdara,1697,242.43,259.84,63,799,159.86,73.43,9.14,-53.0,0.194,Strong Decline,0
Delhi,South Delhi,13212,1651.5,1075.09,333,3279,1248.62,343.75,59.12,334.31,0.58,Strong Growth,1
Delhi,South East Delhi,56,14.0,6.98,6,22,10.5,2.25,1.25,-0.2,0.001,Moderate Decline,0
Delhi,South West Delhi,9025,1128.12,641.18,321,2341,846.12,237.88,44.12,148.06,0.32,Strong Growth,0
Delhi,West Delhi,19298,2144.22,1388.02,308,5352,1545.44,486.89,111.89,53.45,0.011,Strong Growth,1
Goa,Bardez,2,1.0,0.0,1,1,1.0,0.0,0.0,,,,0
Goa,North Goa,1320,264.0,177.21,42,514,216.2,29.0,18.8,10.5,0.009,Strong Growth,3
Goa,South Goa,958,239.5,108.1,119,357,197.0,27.0,15.5,-59.8,0.51,Strong Decline,3
Gujarat,Ahmadabad,6633,1105.5,1704.46,119,4484,679.83,385.67,40.0,-517.914,0.323,Strong Decline,1
Gujarat,Ahmedabad,18513,2644.71,2220.51,122,6051,1773.57,788.71,82.43,631.536,0.377,Strong Growth,1
Gujarat,Amreli,4173,695.5,344.98,238,1154,559.83,95.67,40.0,65.686,0.127,Strong Growth,0
Gujarat,Anand,6747,843.38,621.81,143,1823,679.88,100.62,62.88,172.607,0.462,Strong Growth,0
Gujarat,Arvalli,2301,383.5,185.02,165,601,313.0,52.33,18.17,-7.857,0.006,Strong Decline,0
Gujarat,Banas Kantha,13491,1927.29,3431.15,23,9228,855.86,959.71,111.71,-643.607,0.164,Strong Decline,1
Gujarat,Banaskantha,17001,2833.5,1328.29,1209,4787,1610.83,951.17,271.5,-294.314,0.172,Strong Decline,1
Gujarat,Bharuch,4222,703.67,412.92,211,1307,604.0,83.67,16.0,118.114,0.286,Strong Growth,0
Gujarat,Bhavnagar,9997,1428.14,943.92,239,2835,1182.29,184.43,61.43,151.357,0.12,Strong Growth,0
Gujarat,Botad,2910,415.71,320.12,98,1090,325.14,67.29,23.29,-49.071,0.11,Strong Decline,0
Gujarat,Chhotaudepur,4066,508.25,562.47,141,1862,273.5,161.75,73.0,-14.762,0.004,Strong Decline,0
Gujarat,Dahod,10191,1698.5,749.13,731,2576,855.5,631.33,211.67,-245.686,0.376,Strong Decline,1
Gujarat,Dang,872,436.0,101.82,364,508,265.5,89.5,81.0,,,,0
Gujarat,Devbhumi Dwarka,2457,351.0,164.77,198,592,260.29,59.0,31.71,-7.643,0.01,Strong Decline,0
Gujarat,Dohad,12936,1848.0,2919.76,110,8001,708.57,1043.71,95.71,-457.464,0.115,Strong Decline,1
Gujarat,Gandhinagar,5436,679.5,351.09,295,1171,493.62,101.5,84.38,59.952,0.175,Strong Growth,0
Gujarat,Gir Somnath,5672,810.29,541.02,260,1706,619.0,138.29,53.0,-139.786,0.312,Strong Decline,0
Gujarat,Jamnagar,5967,852.43,401.16,316,1520,701.29,113.0,38.14,78.143,0.177,Strong Growth,0
Gujarat,Junagadh,5394,1078.8,671.77,289,1989,950.2,110.2,18.4,98.6,0.054,Strong Growth,0
Gujarat,Kachchh,9081,1009.0,789.44,56,1974,667.89,284.11,57.0,188.5,0.428,Strong Growth,0
Gujarat,Kheda,7366,1052.29,752.19,140,2195,807.86,171.86,72.57,167.964,0.233,Strong Growth,0
Gujarat,Mahesana,6313,901.86,488.15,217,1510,733.86,126.57,41.43,105.714,0.219,Strong Growth,0
Gujarat,Mahisagar,2506,358.0,199.56,138,649,284.14,55.57,18.29,28.286,0.094,Strong Growth,0
Gujarat,Morbi,7950,883.33,817.2,71,2829,611.78,199.78,71.78,-17.6,0.003,Strong Decline,0
Gujarat,Narmada,1236,309.0,146.2,158,506,278.25,23.75,7.0,-58.6,0.268,Strong Decline,0
Gujarat,Navsari,2706,386.57,269.65,158,801,343.71,28.43,14.43,57.179,0.21,Strong Growth,0
Gujarat,Panch Mahals,1399,279.8,583.25,6,1323,171.0,88.8,20.0,-262.5,0.506,Strong Decline,0
Gujarat,Panchmahals,6127,1021.17,508.37,455,1866,784.17,182.83,54.17,30.543,0.013,Strong Growth,0
Gujarat,Patan,8866,985.11,950.87,190,3151,660.11,245.89,79.11,46.083,0.018,Strong Growth,0
Gujarat,Porbandar,2488,355.43,144.56,186,595,282.29,47.43,25.71,-21.429,0.103,Strong Decline,0
Gujarat,Rajkot,16777,2097.12,1181.63,324,4204,1520.38,463.0,113.75,27.726,0.003,Strong Growth,1
Gujarat,Sabar Kantha,2432,486.4,1001.1,18,2277,215.8,239.2,31.4,-450.4,0.506,Strong Decline,0
Gujarat,Sabarkantha,5008,834.67,575.42,142,1847,585.17,193.33,56.17,53.886,0.031,Strong Growth,0
Gujarat,Surat,24947,3563.86,1420.25,1775,5279,2570.0,901.43,92.43,-64.679,0.01,Strong Decline,1
Gujarat,Surendra Nagar,6697,1116.17,726.92,443,2461,789.83,271.0,55.33,75.171,0.037,Strong Growth,0
Gujarat,Surendranagar,1441,288.2,571.32,16,1310,154.2,118.4,15.6,-257.2,0.507,Strong Decline,0
Gujarat,Tapi,2177,435.4,375.03,93,1041,366.0,39.6,29.8,-17.7,0.006,Strong Decline,0
Gujarat,The Dangs,1322,220.33,121.27,113,437,177.0,31.0,12.33,-11.657,0.032,Strong Decline,0
Gujarat,Vadodara,11973,1330.33,1094.91,89,3036,1004.56,265.44,60.33,281.733,0.497,Strong Growth,1
Gujarat,Valsad,7251,1035.86,508.35,398,1841,807.29,196.71,31.86,95.25,0.164,Strong Growth,0
Haryana,Ambala,3115,623.0,239.75,281,925,592.6,23.8,6.6,69.1,0.208,Strong Growth,0
Haryana,Bhiwani,3320,830.0,143.84,677,994,788.75,37.5,3.75,-79.8,0.513,Strong Decline,3
Haryana,Charkhi Dadri,814,203.5,72.3,135,276,198.75,4.75,0.0,-23.2,0.172,Strong Decline,0
Haryana,Faridabad,15781,1753.44,933.29,150,3465,1369.11,348.67,35.67,67.233,0.039,Strong Growth,1
Haryana,Fatehabad,2532,633.0,91.77,517,733,607.75,22.75,2.5,-22.2,0.098,Strong Decline,0
Haryana,Gurgaon,6651,1108.5,453.66,668,1759,876.0,201.5,31.0,85.229,0.124,Strong Growth,0
Haryana,Gurugram,2636,878.67,858.4,50,1764,601.33,208.33,69.0,857.0,0.997,Strong Growth,0
Haryana,Hisar,5050,1010.0,404.02,406,1413,950.8,55.6,3.6,67.2,0.069,Strong Growth,3
Haryana,Jhajjar,2572,643.0,156.61,466,843,615.75,24.75,2.5,-106.8,0.775,Strong Decline,0
Haryana,Jind,3669,917.25,260.27,651,1274,894.75,22.5,0.0,-182.5,0.819,Strong Decline,3
Haryana,Kaithal,2857,571.4,160.61,435,810,552.0,17.0,2.4,-3.7,0.001,Moderate Decline,3
Haryana,Karnal,3907,976.75,254.23,805,1352,931.0,44.0,1.75,-143.7,0.532,Strong Decline,3
Haryana,Kurukshetra,2312,462.4,236.78,93,669,445.4,14.8,2.2,61.3,0.168,Strong Growth,3
Haryana,Mahendragarh,2620,655.0,133.19,543,840,613.0,37.5,4.5,-67.6,0.429,Strong Decline,3
Haryana,Mewat,7262,1452.4,184.62,1327,1779,1341.0,107.6,3.8,49.2,0.178,Strong Growth,3
Haryana,Nuh,1506,1506.0,,1506,1506,1251.0,213.0,42.0,,,,3
Haryana,Palwal,4428,1107.0,245.62,881,1383,1026.5,79.5,1.0,-47.0,0.061,Strong Decline,3
Haryana,Panchkula,1335,333.75,66.58,283,426,311.0,21.5,1.25,-2.9,0.003,Moderate Decline,0
Haryana,Panipat,6011,1001.83,324.37,647,1523,904.83,89.5,7.5,-86.886,0.251,Strong Decline,3
Haryana,Rewari,2364,591.0,134.18,434,711,552.75,36.75,1.5,-59.4,0.327,Strong Decline,0
Haryana,Rohtak,3347,669.4,163.15,527,877,619.6,37.6,12.2,-7.1,0.005,Strong Decline,0
Haryana,Sirsa,3190,797.5,103.18,694,895,749.0,48.25,0.25,-37.8,0.224,Strong Decline,3
Haryana,Sonipat,4524,904.8,363.1,429,1270,844.6,52.8,7.4,58.1,0.064,Strong Growth,3
Haryana,Yamuna Nagar,3223,805.75,197.09,621,1007,777.0,26.75,2.0,-74.1,0.236,Strong Decline,3
Haryana,Yamunanagar,59,14.75,2.5,11,16,14.0,0.75,0.0,-1.5,0.6,Moderate Decline,0
Himachal Pradesh,Bilaspur,952,238.0,34.13,196,273,234.5,3.5,0.0,-152.367,0.227,Strong Decline,3
Himachal Pradesh,Bilaspur,952,238.0,34.13,196,273,234.5,3.5,0.0,-152.367,0.227,Strong Decline,0
Himachal Pradesh,Chamba,1594,398.5,113.68,285,556,380.75,16.0,1.75,-11.0,0.016,Strong Decline,3
Himachal Pradesh,Hamirpur,1159,289.75,57.2,225,363,285.75,3.75,0.25,-23.202,0.021,Strong Decline,3
Himachal Pradesh,Hamirpur,1159,289.75,57.2,225,363,285.75,3.75,0.25,-23.202,0.021,Strong Decline,0
Himachal Pradesh,Kangra,3848,962.0,276.15,598,1231,938.5,18.5,5.0,-170.2,0.633,Strong Decline,3
Himachal Pradesh,Kinnaur,160,40.0,11.83,27,51,33.5,5.25,1.25,-3.2,0.122,Moderate Decline,0
Himachal Pradesh,Kullu,1194,238.8,116.15,114,428,196.8,21.6,20.4,38.7,0.278,Strong Growth,0
Himachal Pradesh,Lahaul and Spiti,3,1.5,0.71,1,2,1.5,0.0,0.0,,,,0
Himachal Pradesh,Lahul & Spiti,37,9.25,5.19,3,14,8.75,0.5,0.0,-2.3,0.328,Moderate Decline,0
Himachal Pradesh,Lahul and Spiti,31,7.75,2.75,5,11,7.5,0.25,0.0,-1.5,0.495,Moderate Decline,0
Himachal Pradesh,Mandi,2436,609.0,105.37,476,698,595.75,10.75,2.5,-51.4,0.397,Strong Decline,3
Himachal Pradesh,Shimla,1625,406.25,106.37,256,505,361.75,39.25,5.25,-47.9,0.338,Strong Decline,0
Himachal Pradesh,Sirmaur,1526,381.5,122.68,254,512,363.5,16.25,1.75,-62.0,0.426,Strong Decline,0
Himachal Pradesh,Solan,1141,285.25,76.97,187,359,267.75,16.25,1.25,-33.9,0.323,Strong Decline,0
Himachal Pradesh,Una,1203,300.75,60.85,211,345,295.5,5.25,0.0,-41.3,0.768,Strong Decline,3
Jammu & Kashmir,Anantnag,4,2.0,0.0,2,2,1.5,0.5,0.0,18.371,0.006,Strong Growth,0
Jammu & Kashmir,Anantnag,4,2.0,0.0,2,2,1.5,0.5,0.0,18.371,0.006,Strong Growth,3
Jammu & Kashmir,Badgam,1,1.0,,1,1,0.0,1.0,0.0,-10.7,0.006,Strong Decline,0
Jammu & Kashmir,Badgam,1,1.0,,1,1,0.0,1.0,0.0,-10.7,0.006,Strong Decline,3
Jammu & Kashmir,Bandipur,2,1.0,0.0,1,1,1.0,0.0,0.0,,,,0
Jammu & Kashmir,Baramula,46,11.5,3.79,9,17,10.5,1.0,0.0,57.1,0.119,Strong Growth,3
Jammu & Kashmir,Baramula,46,11.5,3.79,9,17,10.5,1.0,0.0,57.1,0.119,Strong Growth,3
Jammu & Kashmir,Doda,2,2.0,,2,2,2.0,0.0,0.0,76.2,0.076,Strong Growth,0
Jammu & Kashmir,Doda,2,2.0,,2,2,2.0,0.0,0.0,76.2,0.076,Strong Growth,3
Jammu & Kashmir,Jammu,60,15.0,6.73,5,19,12.5,2.5,0.0,39.6,0.035,Strong Growth,3
Jammu & Kashmir,Jammu,60,15.0,6.73,5,19,12.5,2.5,0.0,39.6,0.035,Strong Growth,3
Jammu & Kashmir,Kargil,3,1.0,0.0,1,1,0.67,0.33,0.0,7.436,0.159,Strong Growth,0
Jammu & Kashmir,Kargil,3,1.0,0.0,1,1,0.67,0.33,0.0,7.436,0.159,Strong Growth,0
Jammu & Kashmir,Kargil,3,1.0,0.0,1,1,0.67,0.33,0.0,7.436,0.159,Strong Growth,3
Jammu & Kashmir,Kathua,8,2.67,2.08,1,5,2.67,0.0,0.0,70.036,0.137,Strong Growth,0
Jammu & Kashmir,Kathua,8,2.67,2.08,1,5,2.67,0.0,0.0,70.036,0.137,Strong Growth,3
Jammu & Kashmir,Kupwara,6,2.0,0.0,2,2,1.67,0.33,0.0,51.929,0.085,Strong Growth,0
Jammu & Kashmir,Kupwara,6,2.0,0.0,2,2,1.67,0.33,0.0,51.929,0.085,Strong Growth,3
Jammu & Kashmir,Leh (ladakh),2,1.0,0.0,1,1,1.0,0.0,0.0,,,,0
Jammu & Kashmir,Pulwama,4,1.33,0.58,1,2,1.33,0.0,0.0,-8.786,0.006,Strong Decline,0
Jammu & Kashmir,Pulwama,4,1.33,0.58,1,2,1.33,0.0,0.0,-8.786,0.006,Strong Decline,3
Jammu & Kashmir,Punch,1,1.0,,1,1,1.0,0.0,0.0,30.143,0.044,Strong Growth,0
Jammu & Kashmir,Punch,1,1.0,,1,1,1.0,0.0,0.0,30.143,0.044,Strong Growth,3
Jammu & Kashmir,Rajauri,2,1.0,0.0,1,1,0.5,0.5,0.0,,,,0
Jammu & Kashmir,Srinagar,3,1.0,0.0,1,1,0.67,0.33,0.0,-17.714,0.007,Strong Decline,0
Jammu & Kashmir,Srinagar,3,1.0,0.0,1,1,0.67,0.33,0.0,-17.714,0.007,Strong Decline,3
Jammu & Kashmir,Udhampur,2,1.0,0.0,1,1,1.0,0.0,0.0,81.171,0.149,Strong Growth,0
Jammu & Kashmir,Udhampur,2,1.0,0.0,1,1,1.0,0.0,0.0,81.171,0.149,Strong Growth,3
Jammu And Kashmir,Anantnag,3227,806.75,129.12,681,964,716.5,81.75,8.5,18.371,0.006,Strong Growth,0
Jammu And Kashmir,Anantnag,3227,806.75,129.12,681,964,716.5,81.75,8.5,18.371,0.006,Strong Growth,3
Jammu And Kashmir,Badgam,1823,455.75,81.35,361,558,408.5,47.0,0.25,-10.7,0.006,Strong Decline,0
Jammu And Kashmir,Badgam,1823,455.75,81.35,361,558,408.5,47.0,0.25,-10.7,0.006,Strong Decline,3
Jammu And Kashmir,Bandipore,1601,400.25,57.7,329,469,314.0,75.5,10.75,-40.1,0.805,Strong Decline,0
Jammu And Kashmir,Baramula,3651,730.2,354.15,187,1076,615.2,102.2,12.8,57.1,0.119,Strong Growth,3
Jammu And Kashmir,Baramula,3651,730.2,354.15,187,1076,615.2,102.2,12.8,57.1,0.119,Strong Growth,3
Jammu And Kashmir,Budgam,804,201.0,22.73,183,234,185.0,12.25,3.75,-11.8,0.449,Strong Decline,0
Jammu And Kashmir,Doda,4421,884.2,413.25,415,1435,676.2,201.6,6.4,76.2,0.076,Strong Growth,0
Jammu And Kashmir,Doda,4421,884.2,413.25,415,1435,676.2,201.6,6.4,76.2,0.076,Strong Growth,3
Jammu And Kashmir,Ganderbal,807,201.75,53.38,151,273,185.25,14.0,2.5,-24.1,0.34,Strong Decline,0
Jammu And Kashmir,Jammu,4449,889.8,504.58,81,1477,720.6,162.0,7.2,39.6,0.035,Strong Growth,3
Jammu And Kashmir,Jammu,4449,889.8,504.58,81,1477,720.6,162.0,7.2,39.6,0.035,Strong Growth,3
Jammu And Kashmir,Kargil,517,129.25,23.04,98,151,94.5,34.5,0.25,7.436,0.159,Strong Growth,0
Jammu And Kashmir,Kargil,517,129.25,23.04,98,151,94.5,34.5,0.25,7.436,0.159,Strong Growth,0
Jammu And Kashmir,Kargil,517,129.25,23.04,98,151,94.5,34.5,0.25,7.436,0.159,Strong Growth,3
Jammu And Kashmir,Kathua,2823,705.75,227.99,461,924,628.5,75.25,2.0,70.036,0.137,Strong Growth,0
Jammu And Kashmir,Kathua,2823,705.75,227.99,461,924,628.5,75.25,2.0,70.036,0.137,Strong Growth,3
Jammu And Kashmir,Kishtwar,1240,310.0,70.06,227,385,258.75,49.75,1.5,46.4,0.731,Strong Growth,0
Jammu And Kashmir,Kulgam,1154,288.5,24.08,263,311,231.0,55.25,2.25,-5.4,0.084,Strong Decline,0
Jammu And Kashmir,Kupwara,2795,698.75,130.94,530,831,580.5,108.5,9.75,51.929,0.085,Strong Growth,0
Jammu And Kashmir,Kupwara,2795,698.75,130.94,530,831,580.5,108.5,9.75,51.929,0.085,Strong Growth,3
Jammu And Kashmir,Leh,199,49.75,14.08,33,66,39.25,10.25,0.25,-2.119,0.13,Moderate Decline,0
Jammu And Kashmir,Leh,199,49.75,14.08,33,66,39.25,10.25,0.25,-2.119,0.13,Moderate Decline,0
Jammu And Kashmir,Pulwama,1826,456.5,32.27,420,497,423.75,29.0,3.75,-8.786,0.006,Strong Decline,0
Jammu And Kashmir,Pulwama,1826,456.5,32.27,420,497,423.75,29.0,3.75,-8.786,0.006,Strong Decline,3
Jammu And Kashmir,Punch,2558,511.6,188.37,211,690,402.4,105.8,3.4,30.143,0.044,Strong Growth,0
Jammu And Kashmir,Punch,2558,511.6,188.37,211,690,402.4,105.8,3.4,30.143,0.044,Strong Growth,3
Jammu And Kashmir,Rajouri,2522,630.5,166.02,423,821,487.5,141.25,1.75,15.8,0.015,Strong Growth,3
Jammu And Kashmir,Ramban,1874,468.5,101.24,336,575,322.0,145.25,1.25,77.2,0.969,Strong Growth,3
Jammu And Kashmir,Reasi,1658,414.5,98.64,331,551,275.75,136.5,2.25,41.8,0.299,Strong Growth,0
Jammu And Kashmir,Samba,570,142.5,18.81,124,162,129.0,11.25,2.25,-6.8,0.218,Strong Decline,0
Jammu And Kashmir,Shopian,412,412.0,,412,412,308.0,84.0,20.0,,,,0
Jammu And Kashmir,Shupiyan,650,162.5,35.49,119,203,131.25,31.0,0.25,11.8,0.184,Strong Growth,0
Jammu And Kashmir,Srinagar,3165,791.25,229.57,541,1094,692.5,66.5,32.25,-17.714,0.007,Strong Decline,0
Jammu And Kashmir,Srinagar,3165,791.25,229.57,541,1094,692.5,66.5,32.25,-17.714,0.007,Strong Decline,3
Jammu And Kashmir,Udhampur,2745,686.25,223.86,417,909,598.25,85.25,2.75,81.171,0.149,Strong Growth,0
Jammu And Kashmir,Udhampur,2745,686.25,223.86,417,909,598.25,85.25,2.75,81.171,0.149,Strong Growth,3
Jammu And Kashmir,punch,1,1.0,,1,1,1.0,0.0,0.0,,,,0
Jharkhand,Bokaro,5686,1421.5,439.36,1029,1910,858.5,559.0,4.0,-186.8,0.301,Strong Decline,3
Jharkhand,Chatra,6279,1046.5,567.23,474,1750,573.33,467.67,5.5,154.086,0.258,Strong Growth,0
Jharkhand,Deoghar,8060,1343.33,831.23,55,2272,728.33,594.5,20.5,320.914,0.522,Strong Growth,1
Jharkhand,Dhanbad,10791,2158.2,901.28,1162,3340,1347.2,794.0,17.0,-128.0,0.05,Strong Decline,1
Jharkhand,Dumka,5661,808.71,687.45,89,1798,380.86,415.57,12.29,204.607,0.413,Strong Growth,0
Jharkhand,East Singhbhum,7940,1323.33,934.54,120,2390,965.0,341.83,16.5,361.314,0.523,Strong Growth,1
Jharkhand,East Singhbum,1447,1447.0,,1447,1447,848.0,546.0,53.0,,,,0
Jharkhand,Garhwa,5282,1320.5,398.39,906,1715,979.25,338.0,3.25,-127.4,0.17,Strong Decline,3
Jharkhand,Giridih,14094,2818.8,900.66,1819,3782,1516.8,1286.2,15.8,110.2,0.037,Strong Growth,1
Jharkhand,Godda,5160,1032.0,644.77,136,1761,617.2,411.4,3.4,124.4,0.093,Strong Growth,3
Jharkhand,Gumla,6652,1108.67,636.26,369,2210,675.83,417.5,15.33,109.657,0.104,Strong Growth,0
Jharkhand,Hazaribagh,5330,1066.0,562.91,248,1706,704.4,355.4,6.2,117.0,0.108,Strong Growth,3
Jharkhand,Jamtara,4340,1085.0,374.17,688,1565,770.25,310.75,4.0,-239.2,0.681,Strong Decline,3
Jharkhand,Khunti,2583,430.5,170.24,250,705,232.33,190.67,7.5,16.029,0.031,Strong Growth,0
Jharkhand,Kodarma,305,76.25,30.74,37,107,45.75,30.5,0.0,-18.5,0.604,Strong Decline,0
Jharkhand,Koderma,3084,771.0,280.97,569,1168,501.0,267.25,2.75,-160.0,0.54,Strong Decline,3
Jharkhand,Latehar,2575,643.75,304.86,299,985,413.5,227.5,2.75,-96.7,0.168,Strong Decline,0
Jharkhand,Lohardaga,2849,474.83,162.74,308,666,315.33,150.33,9.17,53.971,0.385,Strong Growth,0
Jharkhand,Pakaur,291,72.75,68.5,20,172,48.25,24.5,0.0,-42.9,0.654,Strong Decline,0
Jharkhand,Pakur,6851,978.71,681.83,233,2028,559.71,412.57,6.43,-180.5,0.327,Strong Decline,0
Jharkhand,Palamau,276,69.0,40.69,29,107,53.25,15.75,0.0,-10.8,0.117,Strong Decline,0
Jharkhand,Palamu,8401,2100.25,892.75,1242,3103,1597.75,486.75,15.75,-152.9,0.049,Strong Decline,1
Jharkhand,Pashchimi Singhbhum,576,144.0,43.29,98,188,82.25,61.5,0.25,-21.4,0.407,Strong Decline,0
Jharkhand,Purbi Singhbhum,971,242.75,90.01,124,341,200.25,42.5,0.0,-62.5,0.804,Strong Decline,0
Jharkhand,Ramgarh,2879,719.75,233.65,451,977,457.75,259.25,2.75,-135.3,0.559,Strong Decline,0
Jharkhand,Ranchi,13902,1986.0,1271.32,566,4265,1298.14,642.0,45.86,298.5,0.257,Strong Growth,1
Jharkhand,Sahebganj,6031,1507.75,625.92,970,2197,871.5,632.5,3.75,-145.5,0.09,Strong Decline,3
Jharkhand,Sahibganj,345,86.25,43.29,25,121,44.75,41.5,0.0,-26.3,0.615,Strong Decline,0
Jharkhand,Seraikela-Kharsawan,3290,822.5,177.28,652,1011,581.75,233.5,7.25,-67.4,0.241,Strong Decline,0
Jharkhand,Seraikela-kharsawan,824,206.0,62.49,152,271,131.5,74.5,0.0,-16.6,0.118,Strong Decline,0
Jharkhand,Simdega,1989,497.25,283.72,272,910,354.0,140.0,3.25,-183.9,0.7,Strong Decline,0
Jharkhand,West Singhbhum,6580,1316.0,398.88,776,1713,806.2,500.2,9.6,61.8,0.06,Strong Growth,3
Karnataka,Bagalkot,6554,1638.5,495.05,1186,2313,1411.75,207.25,19.5,-169.6,0.196,Strong Decline,0
Karnataka,Ballari,2720,680.0,245.39,472,1031,598.25,66.25,15.5,-122.0,0.412,Strong Decline,0
Karnataka,Bangalore,6824,1706.0,293.82,1451,2016,1404.5,300.5,1.0,-125.6,0.305,Strong Decline,3
Karnataka,Bangalore Rural,2605,521.0,170.37,240,657,443.2,52.8,25.0,71.2,0.437,Strong Growth,0
Karnataka,Belagavi,7638,1909.5,559.98,1461,2697,1728.0,153.5,28.0,-294.4,0.461,Strong Decline,0
Karnataka,Belgaum,6637,1659.25,553.29,1284,2461,1441.5,217.25,0.5,-317.9,0.55,Strong Decline,3
Karnataka,Bellary,4142,1035.5,441.93,737,1692,889.0,146.25,0.25,-232.8,0.462,Strong Decline,3
Karnataka,Bengaluru,30657,5109.5,1542.97,3613,7847,3371.17,1109.17,629.17,-649.0,0.619,Strong Decline,1
Karnataka,Bengaluru Rural,2790,697.5,831.8,1,1654,359.75,182.5,155.25,-505.2,0.615,Strong Decline,0
Karnataka,Bengaluru South,196,49.0,43.11,3,103,3.75,44.0,1.25,24.8,0.552,Strong Growth,0
Karnataka,Bengaluru Urban,23074,7691.33,6117.4,732,12219,4037.0,2389.0,1265.33,5743.5,0.881,Strong Growth,1
Karnataka,Bidar,4817,963.4,529.75,169,1610,775.6,175.8,12.0,102.3,0.093,Strong Growth,0
Karnataka,Bijapur,4143,1035.75,520.48,753,1816,806.0,228.5,1.25,29.555,0.078,Strong Growth,0
Karnataka,Bijapur,4143,1035.75,520.48,753,1816,806.0,228.5,1.25,29.555,0.078,Strong Growth,3
Karnataka,Bijapur(KAR),3,1.5,0.71,1,2,1.5,0.0,0.0,,,,0
Karnataka,Chamarajanagar,254,63.5,24.41,30,86,59.5,4.0,0.0,-15.4,0.664,Strong Decline,0
Karnataka,Chamrajanagar,2182,545.5,159.9,351,690,487.0,53.0,5.5,-83.4,0.453,Strong Decline,0
Karnataka,Chamrajnagar,374,93.5,15.86,77,109,87.5,6.0,0.0,-5.0,0.166,Moderate Decline,0
Karnataka,Chickmagalur,1197,299.25,50.88,240,353,274.5,24.75,0.0,-14.3,0.132,Strong Decline,0
Karnataka,Chikkaballapur,3063,765.75,162.14,636,1002,690.25,72.0,3.5,-82.5,0.432,Strong Decline,0
Karnataka,Chikkamagaluru,1126,281.5,63.91,219,341,248.75,23.25,9.5,-20.8,0.177,Strong Decline,0
Karnataka,Chikmagalur,150,37.5,5.57,30,43,35.25,2.25,0.0,0.4,0.009,Moderate Growth,0
Karnataka,Chitradurga,4294,1073.5,244.04,845,1382,984.5,77.75,11.25,76.0,0.162,Strong Growth,0
Karnataka,Dakshina Kannada,6315,1578.75,206.9,1394,1782,1432.5,127.5,18.75,-83.9,0.274,Strong Decline,0
Karnataka,Davanagere,477,119.25,38.72,81,171,108.0,11.25,0.0,-16.7,0.31,Strong Decline,0
Karnataka,Davangere,4722,1180.5,385.05,801,1580,1084.75,84.75,11.0,53.6,0.032,Strong Growth,0
Karnataka,Dharwad,5016,1254.0,334.56,912,1650,1164.0,85.75,4.25,-186.6,0.518,Strong Decline,3
Karnataka,Gadag,4155,1038.75,543.48,636,1805,952.75,81.5,4.5,-299.9,0.508,Strong Decline,3
Karnataka,Gulbarga,4271,1067.75,237.9,866,1386,896.25,170.75,0.75,-119.1,0.418,Strong Decline,3
Karnataka,Hasan,966,241.5,37.67,189,278,229.5,12.0,0.0,-3.4,0.014,Moderate Decline,0
Karnataka,Hassan,2457,614.25,122.84,489,761,574.75,35.0,4.5,-48.3,0.258,Strong Decline,0
Karnataka,Haveri,3903,975.75,236.96,746,1305,898.0,63.75,14.0,-102.5,0.312,Strong Decline,0
Karnataka,Kalaburagi,4734,946.8,286.03,608,1318,810.6,119.4,16.8,30.2,0.028,Strong Growth,0
Karnataka,Kodagu,1195,298.75,27.04,263,325,270.0,18.5,10.25,11.9,0.323,Strong Growth,0
Karnataka,Kolar,4051,1012.75,301.18,751,1306,928.75,76.25,7.75,-89.7,0.148,Strong Decline,0
Karnataka,Koppal,5317,1329.25,333.52,921,1684,1158.5,158.75,12.0,-83.1,0.103,Strong Decline,0
Karnataka,Mandya,3545,886.25,105.48,759,1017,838.25,37.25,10.75,29.7,0.132,Strong Growth,0
Karnataka,Mysore,3014,753.5,39.62,721,803,700.25,52.75,0.5,-19.6,0.408,Strong Decline,3
Karnataka,Mysuru,4301,716.83,208.95,485,1080,599.83,75.67,41.33,34.371,0.095,Strong Growth,0
Karnataka,Raichur,9567,1913.4,901.61,428,2853,1492.6,400.4,20.4,275.1,0.233,Strong Growth,1
Karnataka,Ramanagar,2913,728.25,332.27,474,1209,631.75,93.75,2.75,-206.5,0.644,Strong Decline,0
Karnataka,Ramanagara,204,204.0,,204,204,168.0,24.0,12.0,,,,0
Karnataka,Shimoga,2222,555.5,130.75,387,706,518.25,37.25,0.0,-26.0,0.066,Strong Decline,3
Karnataka,Shivamogga,2197,549.25,123.6,417,711,494.0,45.0,10.25,-35.3,0.136,Strong Decline,0
Karnataka,Tumakuru,2938,734.5,126.85,611,883,683.5,39.25,11.75,-22.6,0.053,Strong Decline,0
Karnataka,Tumkur,2895,723.75,90.2,651,855,677.75,46.0,0.0,-41.9,0.36,Strong Decline,3
Karnataka,Udupi,3562,890.5,398.64,641,1483,828.25,51.75,10.5,-262.2,0.721,Strong Decline,0
Karnataka,Uttara Kannada,3385,846.25,187.9,666,1037,785.0,53.75,7.5,-60.1,0.171,Strong Decline,0
Karnataka,Vijayanagara,2089,522.25,181.6,398,790,448.5,59.75,14.0,-102.1,0.527,Strong Decline,0
Karnataka,Vijayapura,5515,1103.0,646.03,450,2178,917.4,167.2,18.4,-18.3,0.002,Strong Decline,0
Karnataka,Yadgir,6141,1228.2,438.13,646,1853,951.2,256.0,21.0,43.6,0.025,Strong Growth,0
Karnataka,yadgir,682,170.5,71.85,93,262,141.5,29.0,0.0,-46.2,0.689,Strong Decline,0
Kerala,Alappuzha,3479,869.75,180.02,628,1020,620.25,217.75,31.75,-91.3,0.429,Strong Decline,0
Kerala,Ernakulam,6224,1037.33,720.47,139,1814,684.83,299.17,53.33,249.886,0.421,Strong Growth,0
Kerala,Idukki,1668,417.0,107.82,269,510,343.0,67.0,7.0,-64.8,0.602,Strong Decline,0
Kerala,Kannur,5875,1175.0,697.95,70,1885,788.6,340.8,45.6,221.8,0.252,Strong Growth,0
Kerala,Kasaragod,3511,877.75,150.28,744,1080,665.25,197.5,15.0,-17.7,0.023,Strong Decline,0
Kerala,Kasargod,310,77.5,11.15,63,90,61.75,15.75,0.0,-5.2,0.362,Strong Decline,0
Kerala,Kollam,4988,997.6,578.15,56,1491,750.0,205.4,42.2,173.6,0.225,Strong Growth,0
Kerala,Kottayam,3238,809.5,124.32,639,915,601.5,195.0,13.0,-73.8,0.587,Strong Decline,0
Kerala,Kozhikode,6635,1658.75,401.99,1305,2149,1133.0,475.0,50.75,-76.7,0.061,Strong Decline,3
Kerala,Malappuram,14469,2893.8,1548.37,266,4332,2029.2,815.8,48.8,666.9,0.464,Strong Growth,1
Kerala,Palakkad,6652,1663.0,208.26,1499,1962,1281.25,340.5,41.25,17.2,0.011,Strong Growth,3
Kerala,Pathanamthitta,1916,479.0,68.33,422,569,343.5,117.75,17.75,-37.6,0.505,Strong Decline,0
Kerala,Thiruvananthapuram,6537,1089.5,808.41,58,2027,789.0,228.67,71.83,303.914,0.495,Strong Growth,0
Kerala,Thrissur,6937,1387.4,889.24,47,2394,962.0,329.0,96.4,263.9,0.22,Strong Growth,1
Kerala,Wayanad,1511,377.75,157.23,207,587,315.0,58.25,4.5,-25.7,0.045,Strong Decline,0
Ladakh,Kargil,492,123.0,27.99,82,145,91.25,30.0,1.75,7.436,0.159,Strong Growth,0
Ladakh,Kargil,492,123.0,27.99,82,145,91.25,30.0,1.75,7.436,0.159,Strong Growth,0
Ladakh,Kargil,492,123.0,27.99,82,145,91.25,30.0,1.75,7.436,0.159,Strong Growth,3
Ladakh,Leh,125,31.25,7.63,24,42,25.25,3.25,2.75,-2.119,0.13,Moderate Decline,0
Ladakh,Leh,125,31.25,7.63,24,42,25.25,3.25,2.75,-2.119,0.13,Moderate Decline,0
Lakshadweep,Lakshadweep,199,49.75,16.86,31,64,47.0,2.5,0.25,-7.5,0.33,Strong Decline,3
Madhya Pradesh,Agar Malwa,2526,631.5,257.73,329,955,519.75,104.5,7.25,85.4,0.183,Strong Growth,0
Madhya Pradesh,Alirajpur,6912,864.0,465.47,133,1475,398.0,419.88,46.12,102.071,0.289,Strong Growth,0
Madhya Pradesh,Anuppur,3181,795.25,236.98,563,1098,706.0,86.0,3.25,114.1,0.386,Strong Growth,0
Madhya Pradesh,Ashok Nagar,5150,858.33,691.14,220,2148,617.67,212.83,27.83,57.943,0.025,Strong Growth,0
Madhya Pradesh,Ashoknagar,3011,1505.5,901.56,868,2143,797.0,661.5,47.0,,,,1
Madhya Pradesh,Balaghat,6666,1333.2,690.37,338,2107,1220.8,106.8,5.6,168.8,0.149,Strong Growth,3
Madhya Pradesh,Barwani,21813,2726.62,2045.13,820,7219,1599.25,1044.0,83.38,-87.512,0.011,Strong Decline,1
Madhya Pradesh,Betul,8082,1347.0,741.59,223,2246,1125.67,200.33,21.0,237.543,0.359,Strong Growth,0
Madhya Pradesh,Bhind,13877,1541.89,1167.71,109,4055,935.67,535.67,70.56,158.85,0.139,Strong Growth,1
Madhya Pradesh,Bhopal,12647,1806.71,1141.89,383,3577,1580.43,204.29,22.0,352.357,0.444,Strong Growth,1
Madhya Pradesh,Burhanpur,9689,1211.12,803.21,563,2976,817.75,344.88,48.5,-79.44,0.059,Strong Decline,0
Madhya Pradesh,Chhatarpur,17664,2208.0,1423.74,714,4215,1421.5,740.62,45.88,353.452,0.37,Strong Growth,1
Madhya Pradesh,Chhindwara,8866,2216.5,479.06,1748,2745,2050.25,154.5,11.75,-185.0,0.249,Strong Decline,3
Madhya Pradesh,Damoh,5926,1481.5,553.52,1012,2204,1239.25,230.75,11.5,-274.2,0.409,Strong Decline,3
Madhya Pradesh,Datia,5809,968.17,641.92,302,2116,662.0,299.0,7.17,62.486,0.033,Strong Growth,0
Madhya Pradesh,Dewas,10367,1481.0,928.82,502,2894,1190.43,277.57,13.0,301.179,0.491,Strong Growth,1
Madhya Pradesh,Dhar,12549,1792.71,889.36,619,3128,1229.57,502.43,60.71,266.571,0.419,Strong Growth,1
Madhya Pradesh,Dindori,2618,654.5,211.76,470,873,592.5,61.75,0.25,-21.6,0.017,Strong Decline,3
Madhya Pradesh,East Nimar,3796,759.2,304.58,458,1261,458.6,296.4,4.2,-5.9,0.001,Strong Decline,0
Madhya Pradesh,Guna,9699,1616.5,1012.65,784,3535,1235.0,370.67,10.83,103.686,0.037,Strong Growth,3
Madhya Pradesh,Gwalior,18370,2041.11,1418.88,327,4409,1331.22,618.44,91.44,244.917,0.223,Strong Growth,1
Madhya Pradesh,Harda,1720,430.0,217.49,261,749,350.75,75.0,4.25,-106.2,0.397,Strong Decline,0
Madhya Pradesh,Hoshangabad,5914,1182.8,817.28,281,2483,1019.0,161.4,2.4,26.1,0.003,Strong Growth,3
Madhya Pradesh,Indore,22058,2757.25,1829.28,561,4994,2061.62,620.38,75.25,459.667,0.379,Strong Growth,1
Madhya Pradesh,Jabalpur,12383,2063.83,1489.36,159,3936,1763.0,284.0,16.83,511.914,0.413,Strong Growth,3
Madhya Pradesh,Jhabua,13436,1679.5,954.95,634,3277,819.0,819.5,41.0,160.024,0.168,Strong Growth,1
Madhya Pradesh,Katni,10786,1348.25,1085.71,106,2900,1038.12,295.62,14.5,367.024,0.686,Strong Growth,1
Madhya Pradesh,Khandwa,4461,637.29,334.69,78,1117,452.29,173.29,11.71,68.857,0.198,Strong Growth,0
Madhya Pradesh,Khargone,14922,1865.25,1487.89,448,4724,1222.62,579.62,63.0,166.0,0.075,Strong Growth,1
Madhya Pradesh,Maihar,400,100.0,21.46,79,130,90.5,4.75,4.75,-8.6,0.268,Strong Decline,0
Madhya Pradesh,Mandla,4859,1214.75,236.45,895,1415,1148.75,64.75,1.25,-23.3,0.016,Strong Decline,3
Madhya Pradesh,Mandsaur,8148,2037.0,974.81,1323,3458,1830.25,200.75,6.0,99.8,0.017,Strong Growth,1
Madhya Pradesh,Mauganj,423,105.75,31.16,82,149,91.25,14.25,0.25,-22.5,0.869,Strong Decline,0
Madhya Pradesh,Morena,22268,2783.5,1598.47,1066,6073,1750.62,950.62,82.25,181.095,0.077,Strong Growth,1
Madhya Pradesh,Narmadapuram,726,181.5,69.04,108,273,150.25,24.0,7.25,-26.4,0.244,Strong Decline,0
Madhya Pradesh,Narsimhapur,1182,295.5,145.15,157,486,239.75,55.75,0.0,-65.0,0.334,Strong Decline,0
Madhya Pradesh,Narsinghpur,5128,1025.6,598.11,514,1997,764.0,243.4,18.2,-12.7,0.001,Strong Decline,0
Madhya Pradesh,Neemuch,4909,1227.25,527.98,755,1868,1033.5,189.5,4.25,-72.9,0.032,Strong Decline,3
Madhya Pradesh,Niwari,138,34.5,13.89,18,52,28.5,3.75,2.25,3.4,0.1,Moderate Growth,0
Madhya Pradesh,Pandhurna,98,24.5,6.95,16,33,16.5,1.0,7.0,1.8,0.112,Moderate Growth,0
Madhya Pradesh,Panna,9300,1328.57,1232.44,159,3647,967.86,342.43,18.29,279.929,0.241,Strong Growth,1
Madhya Pradesh,Raisen,7470,1494.0,864.43,515,2851,1225.8,243.8,24.4,75.3,0.019,Strong Growth,1
Madhya Pradesh,Rajgarh,7950,1987.5,875.15,850,2901,1595.25,383.75,8.5,258.0,0.145,Strong Growth,1
Madhya Pradesh,Ratlam,7884,1971.0,1025.12,1079,3162,1594.0,358.25,18.75,-222.4,0.078,Strong Decline,1
Madhya Pradesh,Rewa,10670,2667.5,751.07,1831,3637,2299.75,360.5,7.25,-512.2,0.775,Strong Decline,3
Madhya Pradesh,Sagar,13580,1940.0,1409.2,201,3687,1624.71,261.29,54.0,492.536,0.57,Strong Growth,1
Madhya Pradesh,Satna,13104,2184.0,1570.81,437,4702,1844.67,318.0,21.33,361.2,0.185,Strong Growth,1
Madhya Pradesh,Sehore,6415,1283.0,445.43,618,1697,1013.8,258.4,10.8,-14.3,0.003,Strong Decline,0
Madhya Pradesh,Seoni,5999,1499.75,581.91,899,2297,1370.25,127.5,2.0,-217.5,0.233,Strong Decline,3
Madhya Pradesh,Shahdol,5198,1299.5,350.81,913,1622,1080.5,204.25,14.75,2.4,0.0,Moderate Growth,3
Madhya Pradesh,Shajapur,6840,1710.0,531.82,1038,2253,1448.0,257.5,4.5,-8.4,0.0,Strong Decline,3
Madhya Pradesh,Sheopur,7143,1020.43,520.64,396,1753,534.29,466.29,19.86,66.25,0.076,Strong Growth,0
Madhya Pradesh,Shivpuri,12427,1775.29,1152.47,783,4117,997.0,675.43,102.86,210.286,0.155,Strong Growth,1
Madhya Pradesh,Sidhi,6212,1553.0,291.38,1256,1954,1386.0,163.75,3.25,-207.0,0.841,Strong Decline,3
Madhya Pradesh,Singrauli,6265,1566.25,291.3,1359,1998,1356.75,204.75,4.75,-191.3,0.719,Strong Decline,3
Madhya Pradesh,Tikamgarh,7130,1782.5,562.48,1051,2392,1395.25,380.25,7.0,-111.8,0.066,Strong Decline,3
Madhya Pradesh,Ujjain,14057,3514.25,1140.79,2312,4637,3062.25,431.5,20.5,-231.3,0.069,Strong Decline,1
Madhya Pradesh,Umaria,5139,1284.75,407.49,938,1874,1056.25,222.5,6.0,-185.5,0.345,Strong Decline,3
Madhya Pradesh,Vidisha,10202,1457.43,897.63,267,3021,1122.14,311.14,24.14,149.643,0.13,Strong Growth,1
Madhya Pradesh,West Nimar,747,186.75,67.08,140,286,152.0,33.25,1.5,-36.9,0.504,Strong Decline,0
Maharashtra,Ahilyanagar,12,12.0,,12,12,11.0,1.0,0.0,,,,0
Maharashtra,Ahmadnagar,11657,2331.4,1639.6,96,4324,1847.8,458.6,25.0,712.9,0.473,Strong Growth,1
Maharashtra,Ahmed Nagar,327,81.75,32.11,51,126,66.25,15.5,0.0,14.9,0.359,Strong Growth,0
Maharashtra,Ahmednagar,368,368.0,,368,368,182.0,158.0,28.0,,,,0
Maharashtra,Akola,4662,932.4,353.71,637,1502,784.4,138.2,9.8,-25.9,0.013,Strong Decline,3
Maharashtra,Amravati,6816,1136.0,655.78,368,2291,950.0,168.17,17.83,128.571,0.135,Strong Growth,0
Maharashtra,Aurangabad,17149,2449.86,1638.52,345,4978,1742.71,686.43,20.71,61.491,0.024,Strong Growth,1
Maharashtra,Aurangabad,17149,2449.86,1638.52,345,4978,1742.71,686.43,20.71,61.491,0.024,Strong Growth,1
Maharashtra,Beed,10107,1263.38,731.44,444,2311,924.12,305.5,33.75,113.369,0.144,Strong Growth,0
Maharashtra,Bhandara,1862,465.5,157.79,255,634,450.25,13.75,1.5,-16.4,0.018,Strong Decline,0
Maharashtra,Bid,555,138.75,44.68,91,199,107.5,31.25,0.0,-32.5,0.882,Strong Decline,0
Maharashtra,Buldana,1062,265.5,127.57,185,456,237.5,28.0,0.0,-81.4,0.679,Strong Decline,0
Maharashtra,Buldhana,6981,1163.5,629.66,368,2233,960.5,179.5,23.5,13.629,0.002,Strong Growth,0
Maharashtra,Chandrapur,4422,631.71,404.59,221,1343,566.43,53.0,12.29,113.107,0.365,Strong Growth,0
Maharashtra,Chatrapati Sambhaji Nagar,211,52.75,13.6,40,65,28.5,20.25,4.0,-4.9,0.216,Moderate Decline,0
Maharashtra,Chhatrapati Sambhajinagar,990,247.5,73.64,146,322,100.75,89.25,57.5,-53.8,0.89,Strong Decline,0
Maharashtra,Dharashiv,143,35.75,7.46,25,42,22.0,7.0,6.75,-4.9,0.72,Moderate Decline,0
Maharashtra,Dhule,12511,1787.29,1289.36,182,4206,1027.29,686.29,73.71,63.857,0.011,Strong Growth,1
Maharashtra,Gadchiroli,2341,585.25,288.98,293,970,513.5,66.25,5.5,-88.7,0.157,Strong Decline,0
Maharashtra,Gondia,28,7.0,2.94,4,11,6.0,1.0,0.0,-2.0,0.769,Moderate Decline,0
Maharashtra,Gondiya,2787,696.75,270.7,465,1077,670.5,25.0,1.25,-135.1,0.415,Strong Decline,0
Maharashtra,Hingoli,8143,1017.88,885.41,311,3006,790.62,181.0,46.25,-29.488,0.007,Strong Decline,0
Maharashtra,Jalgaon,13129,1875.57,1435.76,423,4758,1478.0,365.71,31.86,283.321,0.182,Strong Growth,1
Maharashtra,Jalna,5512,1378.0,577.6,1008,2233,1141.0,232.5,4.5,-334.0,0.557,Strong Decline,3
Maharashtra,Kolhapur,7363,1840.75,486.67,1395,2464,1581.0,242.5,17.25,-274.3,0.529,Strong Decline,3
Maharashtra,Latur,7462,1066.0,704.93,294,2444,815.57,229.29,21.14,133.964,0.169,Strong Growth,0
Maharashtra,Mumbai,14302,2860.4,1376.74,931,4265,2084.2,761.0,15.2,283.7,0.106,Strong Growth,1
Maharashtra,Mumbai City,2888,722.0,211.86,537,982,571.0,111.0,40.0,-39.0,0.056,Strong Decline,0
Maharashtra,Mumbai Suburban,17981,2568.71,1619.56,542,5571,1760.0,697.43,111.29,146.786,0.038,Strong Growth,1
Maharashtra,Mumbai( Sub Urban ),411,102.75,31.67,75,138,83.5,19.25,0.0,-6.9,0.079,Strong Decline,0
Maharashtra,Nagpur,11659,1665.57,1159.97,293,3561,1420.43,212.43,32.71,311.893,0.337,Strong Growth,1
Maharashtra,Nanded,11767,1470.88,1041.76,502,3707,1126.25,303.38,41.25,194.655,0.209,Strong Growth,1
Maharashtra,Nandurbar,9659,1379.86,1077.9,282,3100,1000.29,347.71,31.86,58.607,0.014,Strong Growth,1
Maharashtra,Nashik,22019,3669.83,2308.4,156,7066,2664.0,955.17,50.67,271.571,0.048,Strong Growth,1
Maharashtra,Osmanabad,3885,777.0,335.52,390,1303,636.4,138.6,2.0,12.5,0.003,Strong Growth,3
Maharashtra,Palghar,10539,1317.38,963.29,280,2996,902.5,394.62,20.25,268.56,0.466,Strong Growth,0
Maharashtra,Parbhani,6159,879.86,683.17,68,1926,708.71,142.86,28.29,199.357,0.397,Strong Growth,0
Maharashtra,Pune,31148,3893.5,3194.56,69,7877,2952.75,800.5,140.25,1002.714,0.591,Strong Growth,1
Maharashtra,Raigad,3380,563.33,319.63,335,1166,424.67,121.67,17.0,-60.229,0.124,Strong Decline,0
Maharashtra,Raigarh,5119,1279.75,433.45,951,1870,1079.5,200.0,0.25,-100.783,0.359,Strong Decline,3
Maharashtra,Raigarh,5119,1279.75,433.45,951,1870,1079.5,200.0,0.25,-100.783,0.359,Strong Decline,3
Maharashtra,Raigarh(MH),85,21.25,8.5,13,30,17.5,3.75,0.0,-1.1,0.028,Moderate Decline,0
Maharashtra,Ratnagiri,2512,628.0,132.45,485,770,566.75,53.25,8.0,-70.0,0.466,Strong Decline,0
Maharashtra,Sangli,7415,1059.29,669.21,225,2113,786.0,254.43,18.86,115.75,0.14,Strong Growth,0
Maharashtra,Satara,5865,733.12,518.07,192,1321,625.62,88.38,19.12,187.226,0.784,Strong Growth,0
Maharashtra,Sindhudurg,1163,290.75,102.96,190,392,272.0,13.75,5.0,-35.1,0.194,Strong Decline,0
Maharashtra,Solapur,12027,1718.14,1137.05,561,3389,1332.0,350.57,35.57,367.643,0.488,Strong Growth,1
Maharashtra,Thane,43142,4793.56,2748.51,47,8780,3188.0,1499.11,106.44,655.867,0.427,Strong Growth,1
Maharashtra,Wardha,1888,472.0,192.95,305,721,450.0,20.75,1.25,-55.2,0.136,Strong Decline,0
Maharashtra,Washim,3253,542.17,209.72,228,781,488.5,46.33,7.33,77.057,0.473,Strong Growth,0
Maharashtra,Yavatmal,7470,1245.0,585.49,383,2205,992.0,220.0,33.0,88.629,0.08,Strong Growth,0
Manipur,Bishnupur,1107,221.4,77.32,117,322,102.2,110.8,8.4,-19.7,0.162,Strong Decline,0
Manipur,Chandel,733,183.25,118.92,84,355,60.25,121.75,1.25,-78.3,0.723,Strong Decline,0
Manipur,Churachandpur,4594,656.29,452.59,237,1626,176.86,464.43,15.0,-98.75,0.222,Strong Decline,3
Manipur,Imphal East,1103,275.75,50.69,205,318,136.5,137.0,2.25,-25.9,0.435,Strong Decline,0
Manipur,Imphal West,1217,243.4,93.9,106,355,126.8,110.2,6.4,28.2,0.225,Strong Growth,0
Manipur,Jiribam,145,36.25,15.9,14,51,13.25,22.75,0.25,-10.1,0.672,Strong Decline,0
Manipur,Kakching,109,27.25,9.74,15,38,9.75,17.25,0.25,-6.3,0.697,Strong Decline,0
Manipur,Pherzawl,10,2.5,3.0,1,7,0.25,2.25,0.0,-1.8,0.6,Moderate Decline,0
Manipur,Senapati,1463,365.75,150.4,177,545,186.75,175.0,4.0,-111.5,0.916,Strong Decline,0
Manipur,Tamenglong,945,236.25,66.37,138,283,73.5,155.5,7.25,-42.5,0.683,Strong Decline,0
Manipur,Thoubal,1019,254.75,58.72,190,313,102.25,151.0,1.5,-22.3,0.24,Strong Decline,0
Manipur,Ukhrul,754,188.5,80.04,72,242,82.75,102.25,3.5,-46.2,0.555,Strong Decline,0
Meghalaya,East Garo Hills,6041,755.12,600.59,22,1908,126.5,419.62,209.0,-221.988,0.82,Strong Decline,0
Meghalaya,East Jaintia Hills,5109,638.62,523.94,41,1482,122.75,293.38,222.5,-175.845,0.676,Strong Decline,0
Meghalaya,East Khasi Hills,28656,3184.0,2682.75,300,7798,471.0,1619.78,1093.22,-421.333,0.185,Strong Decline,1
Meghalaya,Eastern West Khasi Hills,818,204.5,265.47,46,601,0.75,56.5,147.25,146.8,0.51,Strong Growth,0
Meghalaya,Jaintia Hills,4,4.0,,4,4,4.0,0.0,0.0,,,,0
Meghalaya,Kamrup,143,143.0,,143,143,13.0,71.0,59.0,70.721,0.034,Strong Growth,1
Meghalaya,Kamrup,143,143.0,,143,143,13.0,71.0,59.0,70.721,0.034,Strong Growth,0
Meghalaya,North Garo Hills,3053,436.14,480.22,146,1495,65.0,263.57,107.57,-154.143,0.481,Strong Decline,0
Meghalaya,Ri Bhoi,9265,1029.44,885.84,67,2424,148.0,508.22,373.22,-117.083,0.131,Strong Decline,0
Meghalaya,South Garo Hills,4426,553.25,423.21,18,1418,71.0,301.5,180.75,-147.952,0.733,Strong Decline,0
Meghalaya,South West Garo Hills,4934,616.75,550.27,43,1775,300.75,205.62,110.38,-199.5,0.789,Strong Decline,0
Meghalaya,South West Khasi Hills,3437,429.62,312.1,48,988,98.12,192.25,139.25,-103.821,0.664,Strong Decline,0
Meghalaya,West Garo Hills,15799,1974.88,1467.39,199,4297,563.38,845.0,566.5,-472.702,0.623,Strong Decline,1
Meghalaya,West Jaintia Hills,11751,1305.67,994.49,223,2917,263.78,620.44,421.44,-215.167,0.351,Strong Decline,0
Meghalaya,West Khasi Hills,15803,1755.89,1584.85,172,4695,265.78,905.78,584.33,-327.1,0.319,Strong Decline,1
Mizoram,Aizawl,1013,253.25,129.05,67,365,185.5,56.0,11.75,-89.9,0.809,Strong Decline,3
Mizoram,Champhai,1139,162.71,103.23,29,368,113.29,36.71,12.71,-38.607,0.653,Strong Decline,3
Mizoram,Hnahthial,2,1.0,0.0,1,1,1.0,0.0,0.0,,,,0
Mizoram,Khawzawl,34,8.5,8.7,1,21,1.25,1.75,5.5,-3.4,0.255,Moderate Decline,0
Mizoram,Kolasib,273,54.6,28.17,12,85,37.4,10.2,7.0,-17.3,0.943,Strong Decline,0
Mizoram,Lawngtlai,1616,230.86,95.9,95,371,163.0,54.0,13.86,-24.607,0.307,Strong Decline,3
Mizoram,Lunglei,700,116.67,52.89,34,183,86.5,18.67,11.5,-19.657,0.483,Strong Decline,0
Mizoram,Mamit,170,42.5,16.03,19,55,35.0,6.75,0.75,-11.0,0.785,Strong Decline,0
Mizoram,Mammit,76,19.0,6.38,10,24,17.0,2.0,0.0,-2.6,0.277,Moderate Decline,0
Mizoram,Saiha,639,106.5,61.58,36,183,61.17,29.33,16.0,-31.914,0.94,Strong Decline,0
Mizoram,Saitual,12,3.0,2.16,1,6,0.5,0.75,1.75,-0.0,0.0,Moderate Decline,0
Mizoram,Serchhip,100,25.0,14.45,7,42,19.5,4.0,1.5,-11.0,0.966,Strong Decline,0
Nagaland,Chumukedima,182,36.4,29.87,11,86,7.2,19.2,10.0,-15.9,0.708,Strong Decline,0
Nagaland,Dimapur,3182,397.75,261.78,53,784,138.5,224.75,34.5,-81.214,0.577,Strong Decline,0
Nagaland,Kiphire,881,176.2,102.9,21,305,32.0,133.8,10.4,-61.5,0.893,Strong Decline,0
Nagaland,Kohima,1609,268.17,219.39,32,646,92.5,157.83,17.83,-103.286,0.776,Strong Decline,0
Nagaland,Longleng,886,147.67,168.04,9,369,34.17,105.5,8.0,-81.371,0.821,Strong Decline,0
Nagaland,Meluri,17,5.67,2.08,4,8,0.67,4.33,0.67,2.0,0.923,Moderate Growth,0
Nagaland,Mokokchung,486,97.2,80.28,19,220,26.4,62.2,8.6,-48.7,0.92,Strong Decline,0
Nagaland,Mon,2201,366.83,335.29,51,1003,102.17,236.33,28.33,-84.886,0.224,Strong Decline,0
Nagaland,Niuland,28,7.0,6.68,1,16,2.75,3.75,0.5,-5.0,0.933,Moderate Decline,0
Nagaland,Noklak,342,68.4,44.29,24,128,13.6,47.2,7.6,-14.2,0.257,Strong Decline,0
Nagaland,Peren,1451,181.38,170.68,6,544,63.62,105.25,12.5,-63.179,0.822,Strong Decline,0
Nagaland,Phek,1038,207.6,158.01,9,447,61.6,138.2,7.8,-94.7,0.898,Strong Decline,0
Nagaland,Shamator,247,61.75,63.35,19,156,0.75,55.25,5.75,-40.9,0.695,Strong Decline,0
Nagaland,Tseminyu,29,7.25,3.59,2,10,1.75,3.25,2.25,-2.3,0.683,Moderate Decline,0
Nagaland,Tuensang,1546,257.67,203.02,26,511,82.0,161.67,14.0,-102.686,0.895,Strong Decline,0
Nagaland,Wokha,554,110.8,103.99,19,248,23.4,81.4,6.0,-61.9,0.886,Strong Decline,0
Nagaland,Zunheboto,750,150.0,123.12,14,349,25.4,115.2,9.4,-69.0,0.785,Strong Decline,0
Odisha,ANGUL,1,1.0,,1,1,1.0,0.0,0.0,,,,0
Odisha,ANUGUL,13,3.25,0.5,3,4,3.0,0.25,0.0,0.3,0.6,Moderate Growth,0
Odisha,Angul,2932,733.0,442.68,436,1389,629.25,100.5,3.25,-229.0,0.446,Strong Decline,0
Odisha,Anugal,2,1.0,0.0,1,1,0.5,0.5,0.0,,,,0
Odisha,Anugul,141,35.25,27.4,13,75,28.75,6.5,0.0,-4.476,0.253,Moderate Decline,0
Odisha,Anugul,141,35.25,27.4,13,75,28.75,6.5,0.0,-4.476,0.253,Moderate Decline,0
Odisha,Balangir,5087,1271.75,587.98,898,2149,1033.5,224.25,14.0,-151.417,0.255,Strong Decline,3
Odisha,Balangir,5087,1271.75,587.98,898,2149,1033.5,224.25,14.0,-151.417,0.255,Strong Decline,0
Odisha,Baleshwar,814,203.5,108.02,109,359,155.0,48.5,0.0,-30.643,0.613,Strong Decline,0
Odisha,Baleshwar,814,203.5,108.02,109,359,155.0,48.5,0.0,-30.643,0.613,Strong Decline,0
Odisha,Baleswar,5846,1461.5,805.08,842,2644,1184.5,276.0,1.0,-377.743,0.522,Strong Decline,3
Odisha,Baleswar,5846,1461.5,805.08,842,2644,1184.5,276.0,1.0,-377.743,0.522,Strong Decline,0
Odisha,Bargarh,5012,1253.0,647.34,839,2219,1055.75,196.75,0.5,-160.857,0.253,Strong Decline,3
Odisha,Bargarh,5012,1253.0,647.34,839,2219,1055.75,196.75,0.5,-160.857,0.253,Strong Decline,0
Odisha,Baudh,169,42.25,21.48,27,74,34.0,8.25,0.0,-8.5,0.475,Strong Decline,0
Odisha,Baudh,169,42.25,21.48,27,74,34.0,8.25,0.0,-8.5,0.475,Strong Decline,0
Odisha,Bhadrak,4423,1105.75,635.93,578,2030,825.25,277.0,3.5,-163.476,0.342,Strong Decline,3
Odisha,Bhadrak,4423,1105.75,635.93,578,2030,825.25,277.0,3.5,-163.476,0.342,Strong Decline,0
Odisha,Boudh,1388,347.0,205.44,197,648,288.5,58.0,0.5,-141.8,0.794,Strong Decline,0
Odisha,Cuttack,4939,1234.75,585.19,924,2112,983.75,247.25,3.75,-141.024,0.226,Strong Decline,3
Odisha,Cuttack,4939,1234.75,585.19,924,2112,983.75,247.25,3.75,-141.024,0.226,Strong Decline,0
Odisha,Debagarh,845,211.25,98.29,124,339,188.25,21.75,1.25,-17.833,0.114,Strong Decline,0
Odisha,Debagarh,845,211.25,98.29,124,339,188.25,21.75,1.25,-17.833,0.114,Strong Decline,0
Odisha,Dhenkanal,2831,707.75,398.27,427,1282,578.25,127.5,2.0,-77.655,0.182,Strong Decline,3
Odisha,Dhenkanal,2831,707.75,398.27,427,1282,578.25,127.5,2.0,-77.655,0.182,Strong Decline,0
Odisha,Gajapati,1960,490.0,326.42,261,970,408.0,77.5,4.5,-96.429,0.358,Strong Decline,0
Odisha,Gajapati,1960,490.0,326.42,261,970,408.0,77.5,4.5,-96.429,0.358,Strong Decline,0
Odisha,Ganjam,7530,1882.5,638.08,1453,2820,1640.0,240.25,2.25,-175.429,0.17,Strong Decline,3
Odisha,Ganjam,7530,1882.5,638.08,1453,2820,1640.0,240.25,2.25,-175.429,0.17,Strong Decline,0
Odisha,JAJPUR,2430,607.5,224.86,443,920,482.5,113.25,11.75,-124.8,0.513,Strong Decline,0
Odisha,Jagatsinghapur,3071,767.75,317.85,477,1175,689.0,73.0,5.75,-78.464,0.178,Strong Decline,3
Odisha,Jagatsinghapur,3071,767.75,317.85,477,1175,689.0,73.0,5.75,-78.464,0.178,Strong Decline,0
Odisha,Jagatsinghpur,676,169.0,45.7,118,211,152.25,16.75,0.0,-32.6,0.848,Strong Decline,0
Odisha,Jajapur,2439,609.75,234.2,441,955,491.5,117.75,0.5,-64.595,0.208,Strong Decline,3
Odisha,Jajapur,2439,609.75,234.2,441,955,491.5,117.75,0.5,-64.595,0.208,Strong Decline,0
Odisha,Jajpur,15,3.75,0.96,3,5,2.25,1.5,0.0,-0.7,0.891,Moderate Decline,0
Odisha,Jharsuguda,1126,281.5,115.77,187,450,260.25,21.25,0.0,-32.655,0.234,Strong Decline,0
Odisha,Jharsuguda,1126,281.5,115.77,187,450,260.25,21.25,0.0,-32.655,0.234,Strong Decline,0
Odisha,Kalahandi,4409,1102.25,660.86,550,2055,823.25,263.25,15.75,-167.893,0.233,Strong Decline,3
Odisha,Kalahandi,4409,1102.25,660.86,550,2055,823.25,263.25,15.75,-167.893,0.233,Strong Decline,0
Odisha,Kandhamal,2996,749.0,552.95,378,1572,640.75,106.25,2.0,-121.714,0.309,Strong Decline,3
Odisha,Kandhamal,2996,749.0,552.95,378,1572,640.75,106.25,2.0,-121.714,0.309,Strong Decline,0
Odisha,Kendrapara,3867,966.75,385.58,740,1542,773.0,182.5,11.25,-96.726,0.173,Strong Decline,3
Odisha,Kendrapara,3867,966.75,385.58,740,1542,773.0,182.5,11.25,-96.726,0.173,Strong Decline,0
Odisha,Kendujhar,5244,1311.0,717.31,820,2341,1059.75,247.75,3.5,-139.19,0.165,Strong Decline,3
Odisha,Kendujhar,5244,1311.0,717.31,820,2341,1059.75,247.75,3.5,-139.19,0.165,Strong Decline,0
Odisha,Khorda,4222,1055.5,340.71,813,1541,854.75,159.75,41.0,-191.143,0.349,Strong Decline,3
Odisha,Khorda,4222,1055.5,340.71,813,1541,854.75,159.75,41.0,-191.143,0.349,Strong Decline,0
Odisha,Khordha,489,97.8,22.52,78,136,75.6,19.6,2.6,-4.133,0.028,Moderate Decline,0
Odisha,Khordha,489,97.8,22.52,78,136,75.6,19.6,2.6,-4.133,0.028,Moderate Decline,3
Odisha,Koraput,4310,1077.5,810.43,567,2286,782.5,283.5,11.5,-178.095,0.32,Strong Decline,3
Odisha,Koraput,4310,1077.5,810.43,567,2286,782.5,283.5,11.5,-178.095,0.32,Strong Decline,0
Odisha,Malkangiri,2817,704.25,634.72,328,1652,581.75,121.5,1.0,-125.631,0.306,Strong Decline,3
Odisha,Malkangiri,2817,704.25,634.72,328,1652,581.75,121.5,1.0,-125.631,0.306,Strong Decline,0
Odisha,Mayurbhanj,8008,2002.0,1313.24,903,3908,1537.75,455.75,8.5,-313.179,0.314,Strong Decline,3
Odisha,Mayurbhanj,8008,2002.0,1313.24,903,3908,1537.75,455.75,8.5,-313.179,0.314,Strong Decline,0
Odisha,NUAPADA,38,9.5,8.7,2,22,8.5,1.0,0.0,-5.4,0.642,Strong Decline,0
Odisha,Nabarangapur,6165,1233.0,1063.24,276,3026,825.4,394.6,13.0,-208.107,0.181,Strong Decline,3
Odisha,Nabarangapur,6165,1233.0,1063.24,276,3026,825.4,394.6,13.0,-208.107,0.181,Strong Decline,0
Odisha,Nabarangpur,442,442.0,,442,442,327.0,103.0,12.0,,,,0
Odisha,Nayagarh,2324,581.0,259.9,418,969,512.25,66.0,2.75,-68.19,0.238,Strong Decline,0
Odisha,Nayagarh,2324,581.0,259.9,418,969,512.25,66.0,2.75,-68.19,0.238,Strong Decline,0
Odisha,Nuapada,2048,512.0,374.18,287,1069,411.0,100.5,0.5,-136.571,0.425,Strong Decline,3
Odisha,Nuapada,2048,512.0,374.18,287,1069,411.0,100.5,0.5,-136.571,0.425,Strong Decline,0
Odisha,Puri,3440,860.0,348.24,612,1371,725.75,133.25,1.0,-92.893,0.218,Strong Decline,3
Odisha,Puri,3440,860.0,348.24,612,1371,725.75,133.25,1.0,-92.893,0.218,Strong Decline,0
Odisha,Rayagada,3027,756.75,608.82,312,1657,589.5,166.5,0.75,-135.214,0.36,Strong Decline,3
Odisha,Rayagada,3027,756.75,608.82,312,1657,589.5,166.5,0.75,-135.214,0.36,Strong Decline,0
Odisha,Sambalpur,2501,625.25,231.29,485,970,548.75,76.25,0.25,-63.131,0.18,Strong Decline,3
Odisha,Sambalpur,2501,625.25,231.29,485,970,548.75,76.25,0.25,-63.131,0.18,Strong Decline,0
Odisha,Sonapur,1446,361.5,253.21,177,736,308.25,53.0,0.25,-57.31,0.309,Strong Decline,0
Odisha,Sonapur,1446,361.5,253.21,177,736,308.25,53.0,0.25,-57.31,0.309,Strong Decline,0
Odisha,Subarnapur,391,97.75,66.75,47,196,83.0,14.75,0.0,-16.179,0.252,Strong Decline,0
Odisha,Subarnapur,391,97.75,66.75,47,196,83.0,14.75,0.0,-16.179,0.252,Strong Decline,0
Odisha,Sundargarh,577,144.25,69.33,101,247,119.0,25.25,0.0,-17.036,0.308,Strong Decline,0
Odisha,Sundargarh,577,144.25,69.33,101,247,119.0,25.25,0.0,-17.036,0.308,Strong Decline,0
Odisha,Sundergarh,3932,983.0,554.99,662,1814,821.75,156.75,4.5,-156.3,0.144,Strong Decline,3
Odisha,Sundergarh,3932,983.0,554.99,662,1814,821.75,156.75,4.5,-156.3,0.144,Strong Decline,0
Odisha,jajpur,17,4.25,3.2,2,9,3.25,1.0,0.0,-1.7,0.47,Moderate Decline,0
Orissa,Anugul,49,12.25,2.63,10,15,10.25,2.0,0.0,-4.476,0.253,Moderate Decline,0
Orissa,Anugul,49,12.25,2.63,10,15,10.25,2.0,0.0,-4.476,0.253,Moderate Decline,0
Orissa,Balangir,422,105.5,65.33,65,203,80.75,24.75,0.0,-151.417,0.255,Strong Decline,3
Orissa,Balangir,422,105.5,65.33,65,203,80.75,24.75,0.0,-151.417,0.255,Strong Decline,0
Orissa,Baleshwar,376,94.0,42.37,59,153,82.25,11.75,0.0,-30.643,0.613,Strong Decline,0
Orissa,Baleshwar,376,94.0,42.37,59,153,82.25,11.75,0.0,-30.643,0.613,Strong Decline,0
Orissa,Baleswar,3,1.5,0.71,1,2,1.0,0.5,0.0,-377.743,0.522,Strong Decline,3
Orissa,Baleswar,3,1.5,0.71,1,2,1.0,0.5,0.0,-377.743,0.522,Strong Decline,0
Orissa,Bargarh,88,22.0,19.97,7,51,20.25,1.75,0.0,-160.857,0.253,Strong Decline,3
Orissa,Bargarh,88,22.0,19.97,7,51,20.25,1.75,0.0,-160.857,0.253,Strong Decline,0
Orissa,Baudh,4,1.33,0.58,1,2,1.33,0.0,0.0,-8.5,0.475,Strong Decline,0
Orissa,Baudh,4,1.33,0.58,1,2,1.33,0.0,0.0,-8.5,0.475,Strong Decline,0
Orissa,Bhadrak,367,91.75,59.71,41,178,82.0,9.75,0.0,-163.476,0.342,Strong Decline,3
Orissa,Bhadrak,367,91.75,59.71,41,178,82.0,9.75,0.0,-163.476,0.342,Strong Decline,0
Orissa,Cuttack,317,79.25,27.69,58,119,65.25,14.0,0.0,-141.024,0.226,Strong Decline,3
Orissa,Cuttack,317,79.25,27.69,58,119,65.25,14.0,0.0,-141.024,0.226,Strong Decline,0
Orissa,Debagarh,7,1.75,0.5,1,2,1.75,0.0,0.0,-17.833,0.114,Strong Decline,0
Orissa,Debagarh,7,1.75,0.5,1,2,1.75,0.0,0.0,-17.833,0.114,Strong Decline,0
Orissa,Dhenkanal,126,31.5,10.97,22,47,27.0,4.5,0.0,-77.655,0.182,Strong Decline,3
Orissa,Dhenkanal,126,31.5,10.97,22,47,27.0,4.5,0.0,-77.655,0.182,Strong Decline,0
Orissa,Gajapati,8,2.67,1.53,1,4,2.67,0.0,0.0,-96.429,0.358,Strong Decline,0
Orissa,Gajapati,8,2.67,1.53,1,4,2.67,0.0,0.0,-96.429,0.358,Strong Decline,0
Orissa,Ganjam,394,98.5,24.15,74,131,86.5,12.0,0.0,-175.429,0.17,Strong Decline,3
Orissa,Ganjam,394,98.5,24.15,74,131,86.5,12.0,0.0,-175.429,0.17,Strong Decline,0
Orissa,Jagatsinghapur,34,8.5,1.29,7,10,7.5,1.0,0.0,-78.464,0.178,Strong Decline,3
Orissa,Jagatsinghapur,34,8.5,1.29,7,10,7.5,1.0,0.0,-78.464,0.178,Strong Decline,0
Orissa,Jajapur,109,27.25,9.67,20,41,22.75,4.5,0.0,-64.595,0.208,Strong Decline,3
Orissa,Jajapur,109,27.25,9.67,20,41,22.75,4.5,0.0,-64.595,0.208,Strong Decline,0
Orissa,Jharsuguda,25,6.25,2.5,3,9,6.25,0.0,0.0,-32.655,0.234,Strong Decline,0
Orissa,Jharsuguda,25,6.25,2.5,3,9,6.25,0.0,0.0,-32.655,0.234,Strong Decline,0
Orissa,Kalahandi,10,3.33,1.15,2,4,3.33,0.0,0.0,-167.893,0.233,Strong Decline,3
Orissa,Kalahandi,10,3.33,1.15,2,4,3.33,0.0,0.0,-167.893,0.233,Strong Decline,0
Orissa,Kandhamal,32,8.0,5.35,5,16,7.5,0.5,0.0,-121.714,0.309,Strong Decline,3
Orissa,Kandhamal,32,8.0,5.35,5,16,7.5,0.5,0.0,-121.714,0.309,Strong Decline,0
Orissa,Kendrapara,52,13.0,4.55,7,17,12.0,1.0,0.0,-96.726,0.173,Strong Decline,3
Orissa,Kendrapara,52,13.0,4.55,7,17,12.0,1.0,0.0,-96.726,0.173,Strong Decline,0
Orissa,Kendujhar,48,12.0,7.62,4,19,9.75,2.25,0.0,-139.19,0.165,Strong Decline,3
Orissa,Kendujhar,48,12.0,7.62,4,19,9.75,2.25,0.0,-139.19,0.165,Strong Decline,0
Orissa,Khorda,2,1.0,0.0,1,1,0.5,0.5,0.0,-191.143,0.349,Strong Decline,3
Orissa,Khorda,2,1.0,0.0,1,1,0.5,0.5,0.0,-191.143,0.349,Strong Decline,0
Orissa,Khordha,707,176.75,82.15,125,298,153.25,23.5,0.0,-4.133,0.028,Moderate Decline,0
Orissa,Khordha,707,176.75,82.15,125,298,153.25,23.5,0.0,-4.133,0.028,Moderate Decline,3
Orissa,Koraput,118,29.5,18.88,15,57,23.25,6.25,0.0,-178.095,0.32,Strong Decline,3
Orissa,Koraput,118,29.5,18.88,15,57,23.25,6.25,0.0,-178.095,0.32,Strong Decline,0
Orissa,Malkangiri,46,11.5,7.94,3,22,9.75,1.75,0.0,-125.631,0.306,Strong Decline,3
Orissa,Malkangiri,46,11.5,7.94,3,22,9.75,1.75,0.0,-125.631,0.306,Strong Decline,0
Orissa,Mayurbhanj,31,7.75,5.19,3,14,7.5,0.25,0.0,-313.179,0.314,Strong Decline,3
Orissa,Mayurbhanj,31,7.75,5.19,3,14,7.5,0.25,0.0,-313.179,0.314,Strong Decline,0
Orissa,Nabarangapur,2,1.0,0.0,1,1,0.5,0.5,0.0,-208.107,0.181,Strong Decline,3
Orissa,Nabarangapur,2,1.0,0.0,1,1,0.5,0.5,0.0,-208.107,0.181,Strong Decline,0
Orissa,Nayagarh,100,25.0,11.75,12,40,22.25,2.75,0.0,-68.19,0.238,Strong Decline,0
Orissa,Nayagarh,100,25.0,11.75,12,40,22.25,2.75,0.0,-68.19,0.238,Strong Decline,0
Orissa,Nuapada,2,1.0,0.0,1,1,1.0,0.0,0.0,-136.571,0.425,Strong Decline,3
Orissa,Nuapada,2,1.0,0.0,1,1,1.0,0.0,0.0,-136.571,0.425,Strong Decline,0
Orissa,Puri,215,53.75,22.41,39,87,47.25,6.5,0.0,-92.893,0.218,Strong Decline,3
Orissa,Puri,215,53.75,22.41,39,87,47.25,6.5,0.0,-92.893,0.218,Strong Decline,0
Orissa,Rayagada,177,44.25,35.02,17,95,36.0,8.25,0.0,-135.214,0.36,Strong Decline,3
Orissa,Rayagada,177,44.25,35.02,17,95,36.0,8.25,0.0,-135.214,0.36,Strong Decline,0
Orissa,Sambalpur,24,6.0,2.83,4,10,5.0,1.0,0.0,-63.131,0.18,Strong Decline,3
Orissa,Sambalpur,24,6.0,2.83,4,10,5.0,1.0,0.0,-63.131,0.18,Strong Decline,0
Orissa,Sonapur,20,5.0,2.71,3,9,5.0,0.0,0.0,-57.31,0.309,Strong Decline,0
Orissa,Sonapur,20,5.0,2.71,3,9,5.0,0.0,0.0,-57.31,0.309,Strong Decline,0
Orissa,Subarnapur,6,2.0,1.0,1,3,2.0,0.0,0.0,-16.179,0.252,Strong Decline,0
Orissa,Subarnapur,6,2.0,1.0,1,3,2.0,0.0,0.0,-16.179,0.252,Strong Decline,0
Orissa,Sundargarh,132,33.0,11.34,21,48,29.0,4.0,0.0,-17.036,0.308,Strong Decline,0
Orissa,Sundargarh,132,33.0,11.34,21,48,29.0,4.0,0.0,-17.036,0.308,Strong Decline,0
Orissa,Sundergarh,1,1.0,,1,1,0.0,1.0,0.0,-156.3,0.144,Strong Decline,3
Orissa,Sundergarh,1,1.0,,1,1,0.0,1.0,0.0,-156.3,0.144,Strong Decline,0
Pondicherry,Karaikal,162,40.5,20.74,17,67,38.5,2.0,0.0,-7.524,0.174,Strong Decline,0
Pondicherry,Karaikal,162,40.5,20.74,17,67,38.5,2.0,0.0,-7.524,0.174,Strong Decline,0
Pondicherry,Pondicherry,1074,268.5,145.55,110,441,251.25,17.25,0.0,-53.286,0.427,Strong Decline,3
Pondicherry,Pondicherry,1074,268.5,145.55,110,441,251.25,17.25,0.0,-53.286,0.427,Strong Decline,0
Pondicherry,Yanam,24,6.0,1.41,5,8,5.5,0.5,0.0,-0.571,0.23,Moderate Decline,0
Pondicherry,Yanam,24,6.0,1.41,5,8,5.5,0.5,0.0,-0.571,0.23,Moderate Decline,0
Puducherry,Karaikal,402,100.5,41.58,57,157,90.0,7.5,3.0,-7.524,0.174,Strong Decline,0
Puducherry,Karaikal,402,100.5,41.58,57,157,90.0,7.5,3.0,-7.524,0.174,Strong Decline,0
Puducherry,Pondicherry,3,1.0,0.0,1,1,1.0,0.0,0.0,-53.286,0.427,Strong Decline,3
Puducherry,Pondicherry,3,1.0,0.0,1,1,1.0,0.0,0.0,-53.286,0.427,Strong Decline,0
Puducherry,Puducherry,1311,327.75,108.06,232,442,299.0,20.75,8.0,-47.1,0.317,Strong Decline,3
Puducherry,Yanam,7,2.33,2.31,1,5,2.0,0.33,0.0,-0.571,0.23,Moderate Decline,0
Puducherry,Yanam,7,2.33,2.31,1,5,2.0,0.33,0.0,-0.571,0.23,Moderate Decline,0
Punjab,Amritsar,9544,1193.0,658.03,49,2220,942.0,220.12,30.88,89.405,0.111,Strong Growth,3
Punjab,Barnala,1001,250.25,82.64,147,341,228.5,19.75,2.0,-52.7,0.678,Strong Decline,0
Punjab,Bathinda,2657,664.25,297.7,399,1077,587.5,72.25,4.5,-186.5,0.654,Strong Decline,0
Punjab,Faridkot,891,222.75,114.21,127,381,196.25,24.0,2.5,-58.1,0.431,Strong Decline,0
Punjab,Fatehgarh Sahib,1032,258.0,107.87,156,402,219.25,35.5,3.25,-66.2,0.628,Strong Decline,0
Punjab,Fazilka,1885,471.25,277.18,287,882,404.25,64.5,2.5,-171.9,0.641,Strong Decline,0
Punjab,Ferozepur,1355,338.75,187.26,171,602,309.75,27.75,1.25,-121.3,0.699,Strong Decline,0
Punjab,Firozpur,393,98.25,75.83,50,210,86.25,12.0,0.0,-45.1,0.589,Strong Decline,0
Punjab,Gurdaspur,5089,727.0,449.16,147,1453,630.43,78.57,18.0,103.393,0.247,Strong Growth,0
Punjab,Hoshiarpur,4086,510.75,256.71,263,972,434.5,49.25,27.0,61.595,0.345,Strong Growth,0
Punjab,Jalandhar,4034,1008.5,386.0,552,1486,811.75,179.25,17.5,-265.8,0.79,Strong Decline,0
Punjab,Kapurthala,3681,460.12,140.78,300,672,255.5,54.75,149.88,-18.583,0.105,Strong Decline,0
Punjab,Ludhiana,17457,1939.67,1035.77,131,3366,1344.33,503.11,92.22,65.483,0.03,Strong Growth,1
Punjab,Malerkotla,842,210.5,76.87,148,318,173.25,35.5,1.75,-46.0,0.597,Strong Decline,0
Punjab,Mansa,1101,275.25,117.68,180,445,244.25,26.25,4.75,-75.3,0.682,Strong Decline,0
Punjab,Moga,1504,376.0,205.77,216,668,327.5,39.75,8.75,-123.4,0.599,Strong Decline,0
Punjab,Muktsar,331,82.75,49.88,49,155,75.75,7.0,0.0,-29.1,0.567,Strong Decline,0
Punjab,Nawanshahr,191,47.75,14.64,31,61,42.0,5.75,0.0,-7.1,0.392,Strong Decline,0
Punjab,Pathankot,1102,275.5,85.83,163,362,255.0,16.75,3.75,-15.2,0.052,Strong Decline,0
Punjab,Patiala,5087,847.83,338.29,543,1447,709.67,126.0,12.17,-50.371,0.078,Strong Decline,3
Punjab,Rupnagar,1228,307.0,145.75,177,478,281.75,22.25,3.0,14.143,0.019,Strong Growth,0
Punjab,Rupnagar,1228,307.0,145.75,177,478,281.75,22.25,3.0,14.143,0.019,Strong Growth,0
Punjab,S.A.S Nagar,705,352.5,99.7,282,423,246.5,82.0,24.0,,,,0
Punjab,S.A.S Nagar(Mohali),272,68.0,28.06,48,108,59.25,8.75,0.0,-16.2,0.556,Strong Decline,0
Punjab,SAS Nagar (Mohali),2897,579.4,287.28,280,1009,469.8,97.4,12.2,-1.9,0.0,Moderate Decline,0
Punjab,Sangrur,2275,455.0,290.21,166,924,409.8,39.4,5.8,-9.5,0.003,Strong Decline,0
Punjab,Shaheed Bhagat Singh Nagar,922,230.5,109.64,132,350,196.0,24.75,9.75,-50.0,0.347,Strong Decline,0
Punjab,Sri Muktsar Sahib,1306,326.5,185.75,185,577,288.0,36.5,2.0,-100.0,0.483,Strong Decline,0
Punjab,Tarn Taran,2905,581.0,267.69,312,973,523.8,53.4,3.8,-40.4,0.057,Strong Decline,0
Rajasthan,Ajmer,11895,1982.5,1171.91,932,4122,1503.83,454.0,24.67,114.943,0.034,Strong Growth,1
Rajasthan,Alwar,22931,2866.38,2244.74,799,7587,1934.62,894.75,37.0,465.94,0.259,Strong Growth,1
Rajasthan,Balotra,1,1.0,,1,1,1.0,0.0,0.0,,,,0
Rajasthan,Banswara,7055,1763.75,1038.21,903,3223,1029.0,727.5,7.25,-532.1,0.438,Strong Decline,1
Rajasthan,Baran,6150,1025.0,695.09,437,2235,742.5,269.67,12.83,118.171,0.101,Strong Growth,0
Rajasthan,Barmer,15418,3083.6,2180.27,953,6667,2049.2,1016.2,18.2,-42.1,0.001,Strong Decline,1
Rajasthan,Beawar,1,1.0,,1,1,1.0,0.0,0.0,,,,0
Rajasthan,Bharatpur,16763,2793.83,2109.61,287,6538,1681.5,1083.17,29.17,272.2,0.058,Strong Growth,1
Rajasthan,Bhilwara,10837,1806.17,1343.5,567,4234,1286.5,489.33,30.33,182.657,0.065,Strong Growth,1
Rajasthan,Bikaner,13038,1629.75,1079.4,605,4083,919.0,686.0,24.75,184.857,0.176,Strong Growth,1
Rajasthan,Bundi,4800,800.0,516.26,223,1674,561.83,217.5,20.67,92.457,0.112,Strong Growth,0
Rajasthan,Chittaurgarh,341,85.25,60.37,40,170,67.5,17.5,0.25,-33.1,0.501,Strong Decline,0
Rajasthan,Chittorgarh,5888,1177.6,642.61,488,2078,727.2,424.8,25.6,-271.4,0.446,Strong Decline,0
Rajasthan,Churu,12595,1799.29,1192.28,469,3972,1111.86,664.57,22.86,232.786,0.178,Strong Growth,1
Rajasthan,Dausa,5979,1494.75,718.98,947,2472,1042.25,440.5,12.0,-388.1,0.486,Strong Decline,3
Rajasthan,Deeg,69,17.25,15.92,2,31,3.5,10.75,3.0,11.3,0.839,Strong Growth,0
Rajasthan,Dhaulpur,131,32.75,20.3,17,61,21.5,11.25,0.0,-10.9,0.48,Strong Decline,0
Rajasthan,Dholpur,8344,1390.67,797.71,727,2891,932.5,433.33,24.83,-52.4,0.015,Strong Decline,0
Rajasthan,Didwana-Kuchaman,2,2.0,,2,2,2.0,0.0,0.0,,,,0
Rajasthan,Dungarpur,6430,1286.0,963.41,162,2772,758.0,517.4,10.6,53.2,0.008,Strong Growth,0
Rajasthan,Ganganagar,5358,1339.5,549.31,737,2024,1021.25,307.75,10.5,-124.0,0.085,Strong Decline,0
Rajasthan,Hanumangarh,4832,966.4,452.99,652,1759,709.0,249.2,8.2,-83.6,0.085,Strong Decline,0
Rajasthan,Jaipur,30341,4334.43,2795.25,200,9131,2990.57,1240.43,103.43,535.107,0.171,Strong Growth,1
Rajasthan,Jaisalmer,2802,560.4,419.75,134,1259,329.6,220.6,10.2,-10.9,0.002,Strong Decline,0
Rajasthan,Jalor,13636,2727.2,1348.18,1660,4992,1537.8,1143.0,46.4,-186.8,0.048,Strong Decline,1
Rajasthan,Jalore,494,164.67,281.75,1,490,99.33,61.0,4.33,-244.5,0.753,Strong Decline,0
Rajasthan,Jhalawar,6871,1374.2,1074.58,173,3038,972.6,390.4,11.2,57.5,0.007,Strong Growth,1
Rajasthan,Jhunjhunu,296,74.0,44.83,41,140,50.0,24.0,0.0,-28.8,0.688,Strong Decline,0
Rajasthan,Jhunjhunun,7377,1844.25,957.38,1105,3228,1394.75,428.5,21.0,-596.7,0.647,Strong Decline,1
Rajasthan,Jodhpur,21793,2724.12,1820.0,751,6441,1790.62,820.25,113.25,331.25,0.199,Strong Growth,1
Rajasthan,Karauli,8515,1419.17,876.48,465,2872,960.17,440.83,18.17,138.029,0.087,Strong Growth,0
Rajasthan,Kota,7327,1465.4,1037.94,68,2805,1078.2,366.4,20.8,175.5,0.071,Strong Growth,1
Rajasthan,Nagaur,16943,2420.43,1863.9,873,6227,1627.86,763.0,29.57,321.5,0.139,Strong Growth,1
Rajasthan,Pali,8906,1781.2,1373.9,187,3867,1230.2,527.4,23.6,73.3,0.007,Strong Growth,1
Rajasthan,Pratapgarh,3720,930.0,592.36,412,1772,648.5,277.0,4.5,-169.738,0.126,Strong Decline,0
Rajasthan,Pratapgarh,3720,930.0,592.36,412,1772,648.5,277.0,4.5,-169.738,0.126,Strong Decline,1
Rajasthan,Rajsamand,4381,1095.25,567.89,680,1885,748.75,339.5,7.0,-316.5,0.518,Strong Decline,0
Rajasthan,Salumbar,1,1.0,,1,1,1.0,0.0,0.0,,,,0
Rajasthan,Sawai Madhopur,6643,1328.6,660.02,885,2411,903.6,408.6,16.4,-94.7,0.051,Strong Decline,0
Rajasthan,Sikar,11096,1585.14,1610.63,94,4814,1136.86,423.43,24.86,312.214,0.175,Strong Growth,1
Rajasthan,Sirohi,10425,1303.12,885.94,533,2717,670.0,586.0,47.12,100.274,0.077,Strong Growth,0
Rajasthan,Tonk,5743,1148.6,596.5,651,2092,816.6,320.6,11.4,-142.4,0.142,Strong Decline,0
Rajasthan,Udaipur,14423,2403.83,1932.19,132,5484,1401.5,970.83,31.5,435.114,0.177,Strong Growth,1
Sikkim,East,360,90.0,64.84,21,174,52.75,36.75,0.5,-42.2,0.706,Strong Decline,0
Sikkim,East Sikkim,337,84.25,47.46,39,151,46.0,33.75,4.5,-32.9,0.801,Strong Decline,0
Sikkim,Mangan,3,1.0,0.0,1,1,0.0,0.67,0.33,0.0,0.0,Stable,0
Sikkim,Namchi,23,5.75,3.59,3,11,0.75,1.5,3.5,-1.9,0.466,Moderate Decline,0
Sikkim,North,44,11.0,5.48,4,17,8.5,2.5,0.0,-3.6,0.72,Moderate Decline,0
Sikkim,North Sikkim,60,15.0,8.68,2,20,10.75,4.25,0.0,-5.2,0.598,Strong Decline,0
Sikkim,South,194,48.5,41.69,6,104,21.75,26.5,0.25,-27.2,0.71,Strong Decline,0
Sikkim,South Sikkim,459,76.5,92.27,8,260,31.17,41.17,4.17,-25.571,0.269,Strong Decline,0
Sikkim,West,203,50.75,34.39,11,95,22.5,27.0,1.25,-25.1,0.888,Strong Decline,0
Sikkim,West Sikkim,492,82.0,59.94,14,171,33.5,42.0,6.5,-28.743,0.805,Strong Decline,0
Tamil Nadu,Ariyalur,2336,584.0,187.03,370,754,469.0,97.5,17.5,-91.0,0.395,Strong Decline,0
Tamil Nadu,Chengalpattu,1238,247.6,74.09,175,345,170.4,62.8,14.4,-11.7,0.062,Strong Decline,0
Tamil Nadu,Chennai,9859,1971.8,1105.36,400,3156,1511.4,422.6,37.8,212.0,0.092,Strong Growth,1
Tamil Nadu,Coimbatore,8734,1746.8,1136.39,89,3044,1391.0,347.4,8.4,187.4,0.068,Strong Growth,3
Tamil Nadu,Cuddalore,8454,1690.8,1143.0,141,3117,1468.8,213.2,8.8,172.1,0.057,Strong Growth,3
Tamil Nadu,Dharmapuri,5576,1394.0,393.26,960,1729,1177.0,206.5,10.5,-172.8,0.322,Strong Decline,3
Tamil Nadu,Dindigul,5959,1489.75,665.15,900,2337,1146.25,340.5,3.0,-363.5,0.498,Strong Decline,3
Tamil Nadu,Erode,5886,1471.5,582.43,862,2199,1214.0,256.0,1.5,-354.2,0.616,Strong Decline,3
Tamil Nadu,Kallakurichi,1047,209.4,47.35,150,248,172.4,29.6,7.4,-17.8,0.353,Strong Decline,0
Tamil Nadu,Kancheepuram,12707,2541.4,1537.66,328,4393,1876.8,651.2,13.4,269.0,0.077,Strong Growth,1
Tamil Nadu,Kanchipuram,387,96.75,170.21,1,351,69.25,22.25,5.25,-44.9,0.116,Strong Decline,0
Tamil Nadu,Kanniyakumari,2215,553.75,222.37,354,867,521.0,32.5,0.25,-145.1,0.71,Strong Decline,3
Tamil Nadu,Kanyakumari,1944,486.0,165.57,301,695,459.5,22.5,4.0,-109.2,0.725,Strong Decline,0
Tamil Nadu,Karur,3892,973.0,427.12,627,1558,813.75,158.5,0.75,-245.6,0.551,Strong Decline,3
Tamil Nadu,Krishnagiri,4911,1227.75,368.67,841,1672,1009.5,216.5,1.75,-140.5,0.242,Strong Decline,3
Tamil Nadu,Madurai,9698,1616.33,1464.84,88,3877,1444.17,166.0,6.17,321.829,0.169,Strong Growth,1
Tamil Nadu,Mayiladuthurai,493,123.25,54.67,80,202,107.25,15.75,0.25,-34.3,0.656,Strong Decline,0
Tamil Nadu,Nagapattinam,3935,983.75,413.7,620,1517,807.25,176.5,0.0,-228.5,0.508,Strong Decline,3
Tamil Nadu,Namakkal,4724,1181.0,576.31,685,1991,1033.75,145.0,2.25,-361.8,0.657,Strong Decline,3
Tamil Nadu,Perambalur,2068,517.0,199.07,334,775,460.5,56.5,0.0,-114.4,0.55,Strong Decline,3
Tamil Nadu,Pudukkottai,6917,1383.4,904.77,190,2584,1049.2,327.4,6.8,108.2,0.036,Strong Growth,3
Tamil Nadu,Ramanathapuram,3899,779.8,436.63,152,1258,646.4,124.8,8.6,81.1,0.086,Strong Growth,3
Tamil Nadu,Ranipet,111,27.75,9.0,19,36,24.25,3.25,0.25,-3.7,0.282,Moderate Decline,0
Tamil Nadu,Salem,9933,1986.6,1031.44,494,3331,1636.8,306.4,43.4,174.9,0.072,Strong Growth,1
Tamil Nadu,Sivaganga,4367,873.4,550.56,93,1482,737.0,132.4,4.0,103.5,0.088,Strong Growth,3
Tamil Nadu,Tenkasi,1224,306.0,104.03,205,423,277.75,28.25,0.0,-52.4,0.423,Strong Decline,0
Tamil Nadu,Thanjavur,7221,1444.2,955.9,56,2672,1153.2,287.0,4.0,182.9,0.092,Strong Growth,3
Tamil Nadu,The Nilgiris,1666,416.5,139.93,268,584,311.25,104.0,1.25,-81.8,0.57,Strong Decline,0
Tamil Nadu,Theni,3402,850.5,321.21,518,1257,712.75,137.5,0.25,-196.8,0.626,Strong Decline,3
Tamil Nadu,Thiruvallur,596,119.2,127.4,47,346,90.8,26.4,2.0,-59.1,0.538,Strong Decline,0
Tamil Nadu,Thiruvarur,4095,1023.75,379.23,642,1467,822.75,200.25,0.75,-148.9,0.257,Strong Decline,3
Tamil Nadu,Thoothukkudi,5202,1300.5,331.39,955,1687,1085.25,214.5,0.75,-185.0,0.519,Strong Decline,3
Tamil Nadu,Tiruchirappalli,9720,2430.0,1069.95,1571,3922,2056.0,372.75,1.25,-631.8,0.581,Strong Decline,3
Tamil Nadu,Tirunelveli,9423,2355.75,742.01,1578,3303,2020.0,335.25,0.5,-465.5,0.656,Strong Decline,3
Tamil Nadu,Tirupathur,4,4.0,,4,4,4.0,0.0,0.0,,,,0
Tamil Nadu,Tirupattur,1015,253.75,55.71,197,321,230.0,23.25,0.5,-22.1,0.262,Strong Decline,0
Tamil Nadu,Tiruppur,6045,1511.25,563.24,982,2199,1242.25,267.75,1.25,-304.1,0.486,Strong Decline,3
Tamil Nadu,Tiruvallur,11265,2816.25,920.1,1949,3703,2147.25,655.25,13.75,-384.7,0.291,Strong Decline,1
Tamil Nadu,Tiruvannamalai,7131,1782.75,744.72,1077,2727,1609.5,165.0,8.25,-424.9,0.543,Strong Decline,3
Tamil Nadu,Tiruvarur,1,1.0,,1,1,1.0,0.0,0.0,,,,0
Tamil Nadu,Tuticorin,2,1.0,0.0,1,1,0.5,0.5,0.0,,,,0
Tamil Nadu,Vellore,9469,1893.8,986.07,510,3062,1627.6,255.6,10.6,164.1,0.069,Strong Growth,3
Tamil Nadu,Villupuram,6619,1654.75,800.27,818,2528,1431.0,223.0,0.75,-252.1,0.165,Strong Decline,3
Tamil Nadu,Viluppuram,5036,1259.0,584.16,645,1861,1068.0,191.0,0.0,-201.8,0.199,Strong Decline,3
Tamil Nadu,Virudhunagar,5283,1320.75,483.13,906,1891,1165.0,153.0,2.75,-222.5,0.353,Strong Decline,3
Telangana,Adilabad,2938,734.5,342.34,398,1211,619.5,114.25,0.75,-76.56,0.306,Strong Decline,0
Telangana,Adilabad,2938,734.5,342.34,398,1211,619.5,114.25,0.75,-76.56,0.306,Strong Decline,3
Telangana,Bhadradri Kothagudem,3131,626.2,204.66,313,878,485.6,132.8,7.8,-92.8,0.514,Strong Decline,0
Telangana,Hanumakonda,999,249.75,94.32,137,367,222.0,26.5,1.25,-66.9,0.838,Strong Decline,0
Telangana,Hyderabad,25560,3195.0,2371.83,306,7252,2423.62,688.12,83.25,69.273,0.014,Strong Growth,3
Telangana,Hyderabad,25560,3195.0,2371.83,306,7252,2423.62,688.12,83.25,69.273,0.014,Strong Growth,1
Telangana,Jagitial,1553,388.25,148.93,271,602,362.0,24.0,2.25,-106.3,0.849,Strong Decline,0
Telangana,Jangaon,77,19.25,7.63,10,26,15.75,3.5,0.0,-5.7,0.93,Strong Decline,0
Telangana,Jangoan,1004,251.0,127.12,114,421,219.75,31.25,0.0,-94.4,0.919,Strong Decline,0
Telangana,Jayashankar Bhupalpally,824,206.0,80.82,102,298,162.75,42.25,1.0,-61.0,0.95,Strong Decline,0
Telangana,Jogulamba Gadwal,1765,441.25,181.62,194,626,367.75,73.0,0.5,-135.5,0.928,Strong Decline,0
Telangana,K.v. Rangareddy,17010,3402.0,2108.66,212,5769,2648.8,720.6,32.6,110.4,0.017,Strong Growth,0
Telangana,K.v. Rangareddy,17010,3402.0,2108.66,212,5769,2648.8,720.6,32.6,110.4,0.017,Strong Growth,2
Telangana,Kamareddy,1983,495.75,209.1,234,745,459.5,35.75,0.5,-150.3,0.861,Strong Decline,0
Telangana,Karimnagar,5708,1427.0,577.27,756,2155,1256.75,168.5,1.75,-58.821,0.034,Strong Decline,0
Telangana,Karimnagar,5708,1427.0,577.27,756,2155,1256.75,168.5,1.75,-58.821,0.034,Strong Decline,3
Telangana,Khammam,3819,954.75,487.47,444,1616,686.5,266.0,2.25,-73.44,0.134,Strong Decline,0
Telangana,Khammam,3819,954.75,487.47,444,1616,686.5,266.0,2.25,-73.44,0.134,Strong Decline,0
Telangana,Komaram Bheem,1080,270.0,142.45,135,471,224.0,46.0,0.0,-99.6,0.815,Strong Decline,0
Telangana,Mahabubabad,1450,362.5,154.15,165,541,301.5,60.75,0.25,-110.6,0.858,Strong Decline,0
Telangana,Mahabubnagar,9978,2494.5,1221.27,1151,4111,1887.25,603.25,4.0,-89.75,0.015,Strong Decline,0
Telangana,Mahabubnagar,9978,2494.5,1221.27,1151,4111,1887.25,603.25,4.0,-89.75,0.015,Strong Decline,2
Telangana,Mancherial,1065,266.25,95.38,174,399,225.25,40.75,0.25,-70.1,0.9,Strong Decline,0
Telangana,Medak,7393,1848.25,802.58,834,2787,1509.0,337.5,1.75,-100.345,0.065,Strong Decline,0
Telangana,Medak,7393,1848.25,802.58,834,2787,1509.0,337.5,1.75,-100.345,0.065,Strong Decline,3
Telangana,Medchal Malkajgiri,704,352.0,76.37,298,406,204.5,132.5,15.0,,,,0
Telangana,Medchal-malkajgiri,4011,802.2,432.51,116,1198,603.6,177.4,21.2,92.0,0.113,Strong Growth,0
Telangana,Medchal?malkajgiri,2,1.0,0.0,1,1,0.5,0.5,0.0,,,,0
Telangana,Medchal−malkajgiri,516,129.0,41.09,75,174,107.0,21.5,0.5,-28.4,0.796,Strong Decline,0
Telangana,Mulugu,930,232.5,91.79,126,349,173.5,58.25,0.75,-69.4,0.953,Strong Decline,0
Telangana,Nagarkurnool,1339,334.75,174.35,165,578,264.0,70.25,0.5,-120.7,0.799,Strong Decline,0
Telangana,Nalgonda,6530,1632.5,725.99,733,2511,1323.25,306.75,2.5,-88.917,0.063,Strong Decline,0
Telangana,Nalgonda,6530,1632.5,725.99,733,2511,1323.25,306.75,2.5,-88.917,0.063,Strong Decline,3
Telangana,Narayanpet,1294,323.5,147.53,161,517,268.0,54.5,1.0,-111.2,0.947,Strong Decline,0
Telangana,Nirmal,1369,342.25,168.73,176,572,315.75,25.75,0.75,-111.1,0.723,Strong Decline,0
Telangana,Nizamabad,6470,1617.5,731.72,769,2548,1471.75,143.5,2.25,-71.476,0.035,Strong Decline,0
Telangana,Nizamabad,6470,1617.5,731.72,769,2548,1471.75,143.5,2.25,-71.476,0.035,Strong Decline,3
Telangana,Peddapalli,582,145.5,60.29,85,229,126.75,18.0,0.75,-42.8,0.84,Strong Decline,0
Telangana,Rajanna Sircilla,866,216.5,63.05,136,283,203.0,12.75,0.75,-48.4,0.982,Strong Decline,0
Telangana,Ranga Reddy,284,284.0,,284,284,181.0,93.0,10.0,,,,0
Telangana,Rangareddy,294,73.5,15.78,60,96,58.25,14.75,0.5,-10.2,0.696,Strong Decline,0
Telangana,Sangareddy,2630,657.5,221.48,354,886,540.25,114.5,2.75,-160.2,0.872,Strong Decline,0
Telangana,Siddipet,1834,458.5,173.19,226,645,416.25,42.0,0.25,-127.0,0.896,Strong Decline,0
Telangana,Suryapet,1983,495.75,229.58,218,778,423.0,72.25,0.5,-173.1,0.947,Strong Decline,0
Telangana,Vikarabad,2553,638.25,269.21,292,949,514.0,123.75,0.5,-194.5,0.87,Strong Decline,3
Telangana,Wanaparthy,1633,408.25,146.4,213,563,310.5,97.75,0.0,-99.7,0.773,Strong Decline,0
Telangana,Warangal,2869,717.25,319.26,340,1121,598.5,118.75,0.0,-53.536,0.155,Strong Decline,0
Telangana,Warangal,2869,717.25,319.26,340,1121,598.5,118.75,0.0,-53.536,0.155,Strong Decline,3
Telangana,Warangal (urban),7,2.33,1.53,1,4,2.0,0.33,0.0,-1.5,0.964,Moderate Decline,0
Telangana,Warangal Rural,720,180.0,48.08,118,235,162.0,17.5,0.5,-34.2,0.843,Strong Decline,0
Telangana,Warangal Urban,651,162.75,64.57,82,240,143.75,17.75,1.25,-46.9,0.879,Strong Decline,0
Telangana,Yadadri.,1540,385.0,185.22,201,640,334.25,50.5,0.25,-126.2,0.774,Strong Decline,0
The Dadra And Nagar Haveli And Daman And Diu,Dadra And Nagar Haveli,716,358.0,154.15,249,467,274.0,70.5,13.5,,,,3
Tripura,Dhalai,1420,284.0,127.23,167,468,156.0,121.2,6.8,3.2,0.002,Moderate Growth,0
Tripura,Gomati,673,134.6,33.89,83,174,91.8,40.6,2.2,1.4,0.004,Moderate Growth,0
Tripura,Khowai,314,78.5,29.63,44,107,44.5,23.75,10.25,-4.2,0.033,Moderate Decline,0
Tripura,North Tripura,1462,292.4,108.38,177,448,205.2,82.0,5.2,1.3,0.0,Moderate Growth,0
Tripura,Sepahijala,1699,339.8,51.79,262,387,220.0,113.8,6.0,2.6,0.006,Moderate Growth,3
Tripura,South Tripura,2062,515.5,149.43,361,672,316.5,197.5,1.5,-51.2,0.196,Strong Decline,3
Tripura,Unakoti,628,125.6,48.38,50,176,85.2,35.4,5.0,11.8,0.149,Strong Growth,0
Tripura,West Tripura,2737,547.4,220.91,236,816,384.2,149.0,14.2,61.9,0.196,Strong Growth,3
Uttar Pradesh,Agra,29345,3260.56,1550.11,906,5764,1770.89,1389.56,100.11,338.95,0.359,Strong Growth,1
Uttar Pradesh,Aligarh,25851,2872.33,1661.39,623,6408,1515.44,1292.33,64.56,170.117,0.079,Strong Growth,1
Uttar Pradesh,Allahabad,12910,3227.5,1550.45,1846,5412,1765.5,1450.25,11.75,-1005.2,0.701,Strong Decline,1
Uttar Pradesh,Ambedkar Nagar,7847,1569.4,1057.74,312,3178,755.4,804.2,9.8,10.9,0.0,Strong Growth,1
Uttar Pradesh,Amethi,7066,1766.5,779.38,1173,2912,957.25,796.0,13.25,-511.2,0.717,Strong Decline,1
Uttar Pradesh,Amroha,8010,1335.0,664.11,579,2191,917.0,408.0,10.0,217.829,0.377,Strong Growth,0
Uttar Pradesh,Auraiya,3660,915.0,422.87,579,1492,531.5,379.25,4.25,-222.8,0.463,Strong Decline,0
Uttar Pradesh,Ayodhya,1680,280.0,194.53,82,603,169.17,105.5,5.33,-27.714,0.071,Strong Decline,0
Uttar Pradesh,Azamgarh,20211,2887.29,1958.93,452,6028,938.57,1909.57,39.14,422.071,0.217,Strong Growth,1
Uttar Pradesh,Baghpat,6741,963.0,701.43,244,2314,488.14,452.86,22.0,131.071,0.163,Strong Growth,0
Uttar Pradesh,Bagpat,1,1.0,,1,1,0.0,1.0,0.0,,,,0
Uttar Pradesh,Bahraich,38897,4321.89,2972.42,371,10547,1610.11,2459.11,252.67,151.867,0.02,Strong Growth,1
Uttar Pradesh,Ballia,9724,2431.0,854.48,1592,3542,987.25,1434.5,9.25,-519.4,0.616,Strong Decline,1
Uttar Pradesh,Balrampur,12145,1735.0,662.28,663,2460,587.29,1114.29,33.43,-6.066,0.001,Strong Decline,3
Uttar Pradesh,Balrampur,12145,1735.0,662.28,663,2460,587.29,1114.29,33.43,-6.066,0.001,Strong Decline,0
Uttar Pradesh,Banda,10458,1162.0,659.58,66,2461,529.0,610.44,22.56,101.867,0.179,Strong Growth,0
Uttar Pradesh,Bara Banki,8937,1787.4,1221.12,254,3611,1135.8,633.8,17.8,101.8,0.017,Strong Growth,1
Uttar Pradesh,Barabanki,2359,471.8,737.31,84,1784,278.6,182.8,10.4,-354.5,0.578,Strong Decline,0
Uttar Pradesh,Bareilly,27357,3419.62,1162.24,1929,5358,2110.0,1236.5,73.12,66.083,0.019,Strong Growth,1
Uttar Pradesh,Basti,9911,1982.2,1109.94,289,3260,942.8,1023.4,16.0,209.6,0.089,Strong Growth,1
Uttar Pradesh,Bhadohi,533,133.25,52.33,89,209,64.75,67.5,1.0,-36.7,0.82,Strong Decline,0
Uttar Pradesh,Bijnor,16445,3289.0,1170.23,1822,4466,2518.2,756.2,14.6,88.3,0.014,Strong Growth,1
Uttar Pradesh,Budaun,15272,1909.0,1410.36,461,4375,954.25,912.12,42.62,247.476,0.185,Strong Growth,1
Uttar Pradesh,Bulandshahar,181,45.25,22.05,18,66,28.0,17.25,0.0,-12.1,0.502,Strong Decline,0
Uttar Pradesh,Bulandshahr,16676,2084.5,1669.15,61,5084,1128.0,930.75,25.75,459.643,0.455,Strong Growth,1
Uttar Pradesh,Chandauli,9404,1175.5,858.14,419,2839,539.62,614.38,21.5,152.262,0.189,Strong Growth,0
Uttar Pradesh,Chitrakoot,5286,1321.5,275.67,1112,1726,721.25,596.75,3.5,-144.8,0.46,Strong Decline,0
Uttar Pradesh,Deoria,10113,1685.5,1122.7,381,3603,772.0,894.67,18.83,175.0,0.085,Strong Growth,1
Uttar Pradesh,Etah,11165,1595.0,1001.3,755,3732,957.14,615.29,22.57,-137.393,0.088,Strong Decline,1
Uttar Pradesh,Etawah,7032,1172.0,555.11,590,2163,680.83,471.83,19.33,41.6,0.02,Strong Growth,0
Uttar Pradesh,Faizabad,6768,1692.0,814.64,1046,2870,988.25,703.0,0.75,-517.4,0.672,Strong Decline,3
Uttar Pradesh,Farrukhabad,5763,1152.6,656.81,186,1929,559.4,577.4,15.8,158.2,0.145,Strong Growth,0
Uttar Pradesh,Fatehpur,12103,1512.88,1040.9,312,3170,800.12,685.25,27.5,216.536,0.26,Strong Growth,1
Uttar Pradesh,Firozabad,12052,1721.71,1003.34,191,2990,1016.43,688.14,17.14,-18.857,0.002,Strong Decline,1
Uttar Pradesh,Gautam Buddha Nagar,18788,2087.56,783.89,883,3175,988.44,1028.78,70.33,38.3,0.018,Strong Growth,1
Uttar Pradesh,Ghaziabad,22654,2831.75,1537.54,689,5574,1464.38,1318.38,49.0,273.571,0.19,Strong Growth,1
Uttar Pradesh,Ghazipur,11067,2766.75,1456.4,1623,4867,1055.25,1693.75,17.75,-912.1,0.654,Strong Decline,1
Uttar Pradesh,Gonda,15046,2507.67,1322.67,702,4689,1219.83,1233.5,54.33,106.0,0.022,Strong Growth,1
Uttar Pradesh,Gorakhpur,19675,2186.11,1700.02,60,5185,813.44,1326.0,46.67,398.067,0.411,Strong Growth,1
Uttar Pradesh,Hamirpur,3372,843.0,392.39,517,1371,496.25,340.5,6.25,-23.202,0.021,Strong Decline,3
Uttar Pradesh,Hamirpur,3372,843.0,392.39,517,1371,496.25,340.5,6.25,-23.202,0.021,Strong Decline,0
Uttar Pradesh,Hapur,7185,1197.5,363.66,857,1791,731.0,459.67,6.83,-117.686,0.367,Strong Decline,0
Uttar Pradesh,Hardoi,24930,4155.0,2424.09,2224,8494,2070.83,2033.5,50.67,-540.343,0.174,Strong Decline,1
Uttar Pradesh,Hathras,6418,1069.67,480.24,468,1829,629.33,426.83,13.5,98.8,0.148,Strong Growth,0
Uttar Pradesh,Jalaun,5480,913.33,525.58,349,1764,457.83,434.67,20.83,100.743,0.129,Strong Growth,0
Uttar Pradesh,Jaunpur,15522,2217.43,1542.32,334,5035,752.57,1434.0,30.86,328.143,0.211,Strong Growth,1
Uttar Pradesh,Jhansi,7005,1401.0,908.85,167,2537,892.2,495.2,13.6,163.8,0.081,Strong Growth,0
Uttar Pradesh,Jyotiba Phule Nagar,79,19.75,4.79,16,26,14.25,5.5,0.0,-2.5,0.455,Moderate Decline,0
Uttar Pradesh,Kannauj,6522,1304.4,583.73,847,2266,606.8,677.8,19.8,-130.8,0.126,Strong Decline,0
Uttar Pradesh,Kanpur Dehat,7912,1318.67,560.41,780,2087,661.0,627.5,30.17,-88.286,0.087,Strong Decline,0
Uttar Pradesh,Kanpur Nagar,24279,2697.67,1673.3,208,5794,1241.89,1381.44,74.33,316.15,0.268,Strong Growth,1
Uttar Pradesh,Kasganj,6225,1245.0,625.2,653,2248,629.8,584.8,30.4,-307.1,0.603,Strong Decline,0
Uttar Pradesh,Kaushambi,7344,1224.0,633.19,267,2146,715.67,496.83,11.5,132.686,0.154,Strong Growth,0
Uttar Pradesh,Kheri,24274,3034.25,2048.67,882,6904,1389.25,1588.25,56.75,344.357,0.17,Strong Growth,1
Uttar Pradesh,Kushi Nagar,1570,1570.0,,1570,1570,779.0,777.0,14.0,,,,0
Uttar Pradesh,Kushinagar,10347,2069.4,1310.05,409,3918,864.0,1199.4,6.0,141.7,0.029,Strong Growth,1
Uttar Pradesh,Lalitpur,4678,935.6,571.83,219,1651,664.6,256.6,14.4,94.5,0.068,Strong Growth,0
Uttar Pradesh,Lucknow,25019,2779.89,2078.25,142,6499,1490.78,1238.78,50.33,487.733,0.413,Strong Growth,1
Uttar Pradesh,Maharajganj,17716,1968.44,1338.3,282,4209,675.44,1240.78,52.22,176.1,0.13,Strong Growth,1
Uttar Pradesh,Mahoba,2938,734.5,355.27,439,1243,480.25,251.5,2.75,-179.8,0.427,Strong Decline,0
Uttar Pradesh,Mahrajganj,18,4.5,2.52,1,7,2.5,2.0,0.0,-1.0,0.263,Moderate Decline,0
Uttar Pradesh,Mainpuri,11500,1642.86,871.79,707,3117,710.43,906.43,26.0,110.107,0.074,Strong Growth,1
Uttar Pradesh,Mathura,11483,1640.43,1200.28,121,3454,813.43,808.71,18.29,323.393,0.339,Strong Growth,1
Uttar Pradesh,Mau,7384,1846.0,917.28,992,3129,625.5,1209.5,11.0,-607.4,0.731,Strong Decline,1
Uttar Pradesh,Meerut,23606,2950.75,1507.57,257,4999,1739.25,1180.25,31.25,193.0,0.098,Strong Growth,1
Uttar Pradesh,Mirzapur,7532,1883.0,926.26,1146,3170,870.25,1010.75,2.0,-540.4,0.567,Strong Decline,3
Uttar Pradesh,Moradabad,21436,2679.5,907.87,1686,4051,1888.38,763.88,27.25,33.595,0.008,Strong Growth,1
Uttar Pradesh,Muzaffarnagar,11761,1960.17,794.98,1015,2993,1189.5,750.0,20.67,108.086,0.065,Strong Growth,1
Uttar Pradesh,Pilibhit,13423,1677.88,668.27,878,2766,1081.75,570.0,26.12,-35.679,0.017,Strong Decline,0
Uttar Pradesh,Pratapgarh,10098,2524.5,1080.07,1543,4065,1433.0,1077.5,14.0,-169.738,0.126,Strong Decline,0
Uttar Pradesh,Pratapgarh,10098,2524.5,1080.07,1543,4065,1433.0,1077.5,14.0,-169.738,0.126,Strong Decline,1
Uttar Pradesh,Prayagraj,2844,474.0,335.89,87,1066,235.5,208.33,30.17,-33.2,0.034,Strong Decline,0
Uttar Pradesh,Rae Bareli,9545,2386.25,691.96,1754,3364,1419.0,956.75,10.5,-462.5,0.745,Strong Decline,1
Uttar Pradesh,Raebareli,3,1.5,0.71,1,2,0.0,1.5,0.0,,,,0
Uttar Pradesh,Rampur,19947,2493.38,1589.45,1246,6154,1491.5,965.25,36.62,36.679,0.003,Strong Growth,1
Uttar Pradesh,Saharanpur,18601,2325.12,1121.75,253,3865,1655.5,657.38,12.25,286.012,0.39,Strong Growth,1
Uttar Pradesh,Sambhal,8563,1712.6,944.58,550,3089,933.2,756.0,23.4,114.6,0.037,Strong Growth,1
Uttar Pradesh,Sant Kabir Nagar,5967,1491.75,393.73,1062,1978,666.0,817.0,8.75,-245.7,0.649,Strong Decline,0
Uttar Pradesh,Sant Ravidas Nagar,4316,1079.0,419.71,718,1671,454.75,623.25,1.0,-265.4,0.666,Strong Decline,0
Uttar Pradesh,Sant Ravidas Nagar Bhadohi,79,19.75,8.54,13,32,9.0,10.75,0.0,-6.1,0.851,Strong Decline,0
Uttar Pradesh,Shahjahanpur,24054,3006.75,2127.18,1443,7925,1585.0,1366.5,55.25,-97.881,0.013,Strong Decline,1
Uttar Pradesh,Shamli,8038,1607.6,741.25,537,2373,1081.4,514.8,11.4,186.1,0.158,Strong Growth,0
Uttar Pradesh,Shravasti,2535,1267.5,464.57,939,1596,433.5,785.0,49.0,,,,0
Uttar Pradesh,Shrawasti,5038,839.67,401.3,525,1626,297.33,517.5,24.83,-1.771,0.0,Moderate Decline,0
Uttar Pradesh,Siddharth Nagar,4341,2170.5,2513.76,393,3948,801.5,1293.0,76.0,,,,1
Uttar Pradesh,Siddharthnagar,13784,2297.33,794.55,1723,3726,799.83,1431.83,65.67,31.771,0.006,Strong Growth,1
Uttar Pradesh,Sitapur,30475,3809.38,2320.89,1373,8116,2000.38,1716.5,92.5,119.679,0.016,Strong Growth,1
Uttar Pradesh,Sonbhadra,4920,1230.0,736.23,692,2290,735.75,491.0,3.25,-407.8,0.511,Strong Decline,0
Uttar Pradesh,Sultanpur,11198,1399.75,1089.29,363,3545,667.88,715.38,16.5,242.857,0.298,Strong Growth,1
Uttar Pradesh,Unnao,18960,2106.67,1161.9,203,3726,1081.67,984.44,40.56,248.167,0.342,Strong Growth,1
Uttar Pradesh,Varanasi,23139,2892.38,2030.88,914,6653,1171.25,1664.75,56.38,191.012,0.053,Strong Growth,1
Uttarakhand,Almora,1344,336.0,71.42,267,403,302.25,31.75,2.0,-29.8,0.29,Strong Decline,0
Uttarakhand,Bageshwar,723,180.75,64.0,109,241,164.5,15.75,0.5,-31.3,0.399,Strong Decline,0
Uttarakhand,Chamoli,1045,261.25,75.83,209,373,240.25,19.25,1.75,-42.5,0.523,Strong Decline,0
Uttarakhand,Champawat,850,212.5,79.34,124,317,188.75,23.5,0.25,-57.6,0.878,Strong Decline,0
Uttarakhand,Dehradun,9365,1040.56,679.24,176,2221,854.11,171.56,14.89,149.083,0.361,Strong Growth,3
Uttarakhand,Garhwal,52,13.0,7.79,4,20,12.0,1.0,0.0,-5.6,0.862,Strong Decline,0
Uttarakhand,Hardwar,143,35.75,14.17,15,47,28.75,7.0,0.0,-9.5,0.749,Strong Decline,0
Uttarakhand,Haridwar,5877,979.5,538.98,60,1600,769.67,201.17,8.67,175.286,0.37,Strong Growth,3
Uttarakhand,Nainital,3847,641.17,345.48,75,1029,553.83,74.67,12.67,74.486,0.163,Strong Growth,0
Uttarakhand,Pauri Garhwal,1809,452.25,115.58,334,611,408.75,40.25,3.25,-84.3,0.887,Strong Decline,0
Uttarakhand,Pithoragarh,1204,301.0,86.12,242,426,263.0,35.75,2.25,-49.2,0.544,Strong Decline,0
Uttarakhand,Rudraprayag,939,234.75,57.08,188,313,214.5,20.25,0.0,-33.1,0.561,Strong Decline,0
Uttarakhand,Tehri Garhwal,2722,680.5,173.27,490,869,598.0,79.25,3.25,-56.2,0.175,Strong Decline,3
Uttarakhand,Udham Singh Nagar,5930,1482.5,533.39,1061,2233,1235.25,242.75,4.5,-317.4,0.59,Strong Decline,3
Uttarakhand,Uttarkashi,1106,276.5,61.07,211,356,239.0,36.25,1.25,23.8,0.253,Strong Growth,0
West  Bengal,Hooghly,15,5.0,6.08,1,12,3.0,2.0,0.0,-23.501,0.004,Strong Decline,0
West  Bengal,Hooghly,15,5.0,6.08,1,12,3.0,2.0,0.0,-23.501,0.004,Strong Decline,3
West  Bengal,Hooghly,15,5.0,6.08,1,12,3.0,2.0,0.0,-23.501,0.004,Strong Decline,2
West  Bengal,Hooghly,15,5.0,6.08,1,12,3.0,2.0,0.0,-23.501,0.004,Strong Decline,3
West Bangal,Hooghly,6,1.5,0.58,1,2,1.25,0.25,0.0,-23.501,0.004,Strong Decline,0
West Bangal,Hooghly,6,1.5,0.58,1,2,1.25,0.25,0.0,-23.501,0.004,Strong Decline,3
West Bangal,Hooghly,6,1.5,0.58,1,2,1.25,0.25,0.0,-23.501,0.004,Strong Decline,2
West Bangal,Hooghly,6,1.5,0.58,1,2,1.25,0.25,0.0,-23.501,0.004,Strong Decline,3
West Bangal,Howrah,4,2.0,1.41,1,3,1.0,1.0,0.0,243.357,0.107,Strong Growth,3
West Bangal,Howrah,4,2.0,1.41,1,3,1.0,1.0,0.0,243.357,0.107,Strong Growth,2
West Bengal,24 Paraganas North,6147,3073.5,2861.66,1050,5097,1588.5,1229.0,256.0,,,,1
West Bengal,24 Paraganas South,490,490.0,,490,490,364.0,104.0,22.0,,,,0
West Bengal,Alipurduar,3657,457.12,500.12,128,1631,189.12,213.25,54.75,-16.369,0.006,Strong Decline,0
West Bengal,Bankura,11026,2756.5,1052.97,1703,3825,2200.75,518.25,37.5,-490.0,0.361,Strong Decline,3
West Bengal,Barddhaman,15505,3876.25,1673.87,2347,6178,3136.75,736.0,3.5,-1052.3,0.659,Strong Decline,1
West Bengal,Bardhaman,1745,436.25,197.08,241,699,329.75,105.75,0.75,-125.5,0.676,Strong Decline,0
West Bengal,Birbhum,15224,2174.86,1771.88,221,4515,1873.57,286.0,15.29,572.893,0.488,Strong Growth,3
West Bengal,Burdwan,2,2.0,,2,2,2.0,0.0,0.0,,,,0
West Bengal,Cooch Behar,10570,1761.67,1004.21,485,3244,1189.83,530.83,41.0,50.0,0.009,Strong Growth,1
West Bengal,Coochbehar,4410,1470.0,2412.04,50,4255,713.33,695.67,61.0,2102.5,0.76,Strong Growth,1
West Bengal,Dakshin Dinajpur,6415,1283.0,967.87,235,2836,1051.4,211.8,19.8,-46.5,0.006,Strong Decline,0
West Bengal,Darjeeling,7237,904.62,352.77,598,1485,489.88,318.5,96.25,31.274,0.047,Strong Growth,0
West Bengal,Darjiling,710,177.5,110.51,75,334,130.0,47.0,0.5,-75.8,0.784,Strong Decline,0
West Bengal,Dinajpur Dakshin,997,997.0,,997,997,707.0,256.0,34.0,,,,0
West Bengal,Dinajpur Uttar,11671,3890.33,4556.58,71,8934,2159.33,1619.67,111.33,4431.5,0.946,Strong Growth,1
West Bengal,East Midnapore,2069,517.25,234.78,211,775,437.5,78.75,1.0,-160.3,0.777,Strong Decline,0
West Bengal,East Midnapur,1,1.0,,1,1,1.0,0.0,0.0,,,,0
West Bengal,HOOGHLY,6,2.0,1.73,1,4,1.67,0.33,0.0,0.3,0.067,Moderate Growth,0
West Bengal,HOOGHLY,6,2.0,1.73,1,4,1.67,0.33,0.0,0.3,0.067,Moderate Growth,3
West Bengal,HOWRAH,3,1.5,0.71,1,2,1.0,0.5,0.0,,,,0
West Bengal,Haora,2791,697.75,362.61,277,1156,473.0,224.25,0.5,-252.1,0.806,Strong Decline,3
West Bengal,Hawrah,5,2.5,2.12,1,4,1.0,1.5,0.0,,,,0
West Bengal,Hooghiy,1,1.0,,1,1,1.0,0.0,0.0,,,,0
West Bengal,Hooghly,14998,2999.6,1920.23,300,5586,2174.2,757.0,68.4,-23.501,0.004,Strong Decline,0
West Bengal,Hooghly,14998,2999.6,1920.23,300,5586,2174.2,757.0,68.4,-23.501,0.004,Strong Decline,3
West Bengal,Hooghly,14998,2999.6,1920.23,300,5586,2174.2,757.0,68.4,-23.501,0.004,Strong Decline,2
West Bengal,Hooghly,14998,2999.6,1920.23,300,5586,2174.2,757.0,68.4,-23.501,0.004,Strong Decline,3
West Bengal,Howrah,11141,2228.2,1456.48,361,4232,1587.8,611.6,28.8,243.357,0.107,Strong Growth,3
West Bengal,Howrah,11141,2228.2,1456.48,361,4232,1587.8,611.6,28.8,243.357,0.107,Strong Growth,2
West Bengal,Hugli,188,47.0,18.13,35,74,36.0,11.0,0.0,-10.0,0.507,Strong Decline,0
West Bengal,Jalpaiguri,10531,1316.38,995.0,292,3257,699.5,549.75,67.12,238.536,0.345,Strong Growth,0
West Bengal,Jhargram,943,188.6,105.93,62,349,145.2,33.4,10.0,5.3,0.006,Strong Growth,0
West Bengal,KOLKATA,1,1.0,,1,1,0.0,1.0,0.0,,,,0
West Bengal,Kalimpong,504,84.0,58.24,23,189,28.0,30.5,25.5,-12.686,0.166,Strong Decline,0
West Bengal,Koch Bihar,3263,815.75,458.53,248,1363,540.75,272.5,2.5,-347.7,0.958,Strong Decline,0
West Bengal,Kolkata,10205,1275.62,953.86,54,2868,615.88,569.5,90.25,278.679,0.512,Strong Growth,0
West Bengal,MALDA,15,5.0,1.73,4,7,4.67,0.33,0.0,-0.0,0.0,Moderate Decline,0
West Bengal,Malda,15562,2593.67,2067.46,252,5756,1929.83,649.83,14.0,489.657,0.196,Strong Growth,1
West Bengal,Maldah,1719,429.75,198.4,220,698,290.75,139.0,0.0,-140.5,0.836,Strong Decline,0
West Bengal,Medinipur,28,7.0,2.16,4,9,6.25,0.75,0.0,-1.6,0.914,Moderate Decline,0
West Bengal,Medinipur West,645,322.5,283.55,122,523,162.5,150.0,10.0,,,,0
West Bengal,Murshidabad,34968,8742.0,3864.97,4494,13877,7648.25,1072.5,21.25,-2803.2,0.877,Strong Decline,1
West Bengal,NADIA,3,1.5,0.71,1,2,1.5,0.0,0.0,,,,0
West Bengal,Nadia,17529,2191.12,1704.17,248,5134,1636.38,449.75,105.0,469.369,0.455,Strong Growth,1
West Bengal,North 24 Parganas,28220,4703.33,3858.89,232,10642,3534.17,944.67,224.5,978.571,0.225,Strong Growth,1
West Bengal,North Dinajpur,338,84.5,27.06,63,124,65.0,19.5,0.0,-17.8,0.721,Strong Decline,0
West Bengal,North Twenty Four Parganas,1597,399.25,192.34,176,644,300.5,98.25,0.5,-135.9,0.832,Strong Decline,0
West Bengal,Paschim Bardhaman,1266,316.5,116.97,229,481,214.0,79.25,23.25,-64.2,0.502,Strong Decline,0
West Bengal,Paschim Medinipur,17757,4439.25,1888.1,2546,7043,3489.75,912.0,37.5,-1309.5,0.802,Strong Decline,1
West Bengal,Purba Bardhaman,2988,597.6,376.19,58,1077,494.8,77.2,25.6,53.6,0.051,Strong Growth,0
West Bengal,Purba Medinipur,14116,3529.0,1541.96,1933,5615,3190.0,324.75,14.25,-1056.8,0.783,Strong Decline,1
West Bengal,Purulia,775,193.75,95.24,107,329,133.0,60.5,0.25,-64.5,0.764,Strong Decline,0
West Bengal,Puruliya,13051,3262.75,1506.46,1877,5345,2385.0,844.5,33.25,-961.7,0.679,Strong Decline,1
West Bengal,South 24 Pargana,2,1.0,0.0,1,1,0.5,0.5,0.0,,,,0
West Bengal,South 24 Parganas,29669,7417.25,1890.62,4639,8780,5543.25,1811.25,62.75,-1296.3,0.784,Strong Decline,1
West Bengal,South 24 parganas,2,2.0,,2,2,2.0,0.0,0.0,,,,0
West Bengal,South Dinajpur,434,108.5,56.65,56,189,91.5,17.0,0.0,-40.0,0.831,Strong Decline,0
West Bengal,Uttar Dinajpur,26445,4407.5,2334.91,1713,8083,3006.67,1339.83,61.0,124.486,0.01,Strong Growth,1
West Bengal,West Medinipur,2,2.0,,2,2,1.0,1.0,0.0,,,,0
West Bengal,West Midnapore,2150,537.5,241.82,261,848,405.25,131.5,0.75,-169.8,0.822,Strong Decline,0
West Bengal,hooghly,10,2.5,1.0,1,3,2.0,0.5,0.0,0.2,0.067,Moderate Growth,0
West Bengal,nadia,3,1.5,0.71,1,2,1.0,0.5,0.0,,,,0
Westbengal,HOOGHLY,1,1.0,,1,1,1.0,0.0,0.0,0.3,0.067,Moderate Growth,0
Westbengal,HOOGHLY,1,1.0,,1,1,1.0,0.0,0.0,0.3,0.067,Moderate Growth,3
Westbengal,Hooghly,6,1.5,0.58,1,2,0.75,0.75,0.0,-23.501,0.004,Strong Decline,0
Westbengal,Hooghly,6,1.5,0.58,1,2,0.75,0.75,0.0,-23.501,0.004,Strong Decline,3
Westbengal,Hooghly,6,1.5,0.58,1,2,0.75,0.75,0.0,-23.501,0.004,Strong Decline,2
Westbengal,Hooghly,6,1.5,0.58,1,2,0.75,0.75,0.0,-23.501,0.004,Strong Decline,3
